/*
 Navicat Premium Data Transfer

 Source Server         : remote_nianshi
 Source Server Type    : MySQL
 Source Server Version : 50725
 Source Host           : 212.64.83.235:3306
 Source Schema         : dbtest

 Target Server Type    : MySQL
 Target Server Version : 50725
 File Encoding         : 65001

 Date: 29/09/2019 20:16:15
*/

SET NAMES utf8mb4;
SET FOREIGN_KEY_CHECKS = 0;

-- ----------------------------
-- Table structure for ArticleImages
-- ----------------------------
DROP TABLE IF EXISTS `ArticleImages`;
CREATE TABLE `ArticleImages`  (
  `article_id` int(11) NOT NULL,
  `image_id` int(11) NOT NULL,
  `time` varchar(50) CHARACTER SET utf8 COLLATE utf8_general_ci NULL DEFAULT NULL,
  `url` char(100) CHARACTER SET utf8 COLLATE utf8_general_ci NULL DEFAULT NULL,
  PRIMARY KEY (`article_id`, `image_id`) USING BTREE,
  CONSTRAINT `ArticleImages_ibfk_1` FOREIGN KEY (`article_id`) REFERENCES `Articles` (`article_id`) ON DELETE CASCADE ON UPDATE RESTRICT
) ENGINE = InnoDB CHARACTER SET = utf8 COLLATE = utf8_general_ci ROW_FORMAT = Dynamic;

-- ----------------------------
-- Records of ArticleImages
-- ----------------------------
INSERT INTO `ArticleImages` VALUES (1, 0, '2019-03-07', '0_1.jpg');
INSERT INTO `ArticleImages` VALUES (2, 0, '2019-03-07', '0_2.jpg');
INSERT INTO `ArticleImages` VALUES (3, 0, '2019-03-07', '0_3.jpg');
INSERT INTO `ArticleImages` VALUES (4, 0, '2019-03-07', '0_4.jpg');
INSERT INTO `ArticleImages` VALUES (5, 0, '2019-03-07', '0_5.jpg');
INSERT INTO `ArticleImages` VALUES (6, 0, '2019-03-07', '0_6.jpg');
INSERT INTO `ArticleImages` VALUES (7, 0, '2019-03-07', '0_7.jpg');
INSERT INTO `ArticleImages` VALUES (8, 0, '2019-03-07', '0_8.jpg');
INSERT INTO `ArticleImages` VALUES (9, 0, '2019-03-07', '0_9.jpg');
INSERT INTO `ArticleImages` VALUES (10, 0, '2019-03-07', '0_10.jpg');
INSERT INTO `ArticleImages` VALUES (11, 0, '2019-03-07', '0_11.jpg');
INSERT INTO `ArticleImages` VALUES (12, 0, '2019-03-15', '0_12.jpg');
INSERT INTO `ArticleImages` VALUES (13, 0, '2019-03-15', '0_13.jpg');
INSERT INTO `ArticleImages` VALUES (14, 0, '2019-07-28', '0_14.jpg');
INSERT INTO `ArticleImages` VALUES (19, 0, '2019-08-19', '0_19.jpg');

-- ----------------------------
-- Table structure for Articles
-- ----------------------------
DROP TABLE IF EXISTS `Articles`;
CREATE TABLE `Articles`  (
  `article_id` int(11) NOT NULL,
  `title` varchar(50) CHARACTER SET utf8 COLLATE utf8_general_ci NULL DEFAULT NULL,
  `auther_name` varchar(50) CHARACTER SET utf8 COLLATE utf8_general_ci NULL DEFAULT NULL,
  `usr_open_id` varchar(50) CHARACTER SET utf8 COLLATE utf8_general_ci NULL DEFAULT NULL,
  `like_num` int(11) NULL DEFAULT NULL,
  `describe` text CHARACTER SET utf8 COLLATE utf8_general_ci NULL,
  `time` varchar(128) CHARACTER SET utf8 COLLATE utf8_general_ci NULL DEFAULT NULL,
  `age` int(11) NULL DEFAULT NULL,
  `type` int(11) NULL DEFAULT NULL,
  `text` text CHARACTER SET utf8 COLLATE utf8_general_ci NULL,
  `passed` int(11) NULL DEFAULT NULL,
  `image_num` int(11) NULL DEFAULT NULL,
  PRIMARY KEY (`article_id`) USING BTREE,
  INDEX `ix_Articles_usr_open_id`(`usr_open_id`) USING BTREE
) ENGINE = InnoDB CHARACTER SET = utf8 COLLATE = utf8_general_ci ROW_FORMAT = Dynamic;

-- ----------------------------
-- Records of Articles
-- ----------------------------
INSERT INTO `Articles` VALUES (1, '合欢树', '史铁生', '0', 0, '《合欢树》是史铁生怀念母爱的一篇散文。文章用平淡的语调，按时间顺序分别叙述了作者十岁那年由自己作文获奖引发的一件事情、二十岁母亲为他治病和鼓励他写小说的事情以及三十岁以后对母亲的那种压抑在心里、让自己又悲痛又愧疚的思念。这篇文章被选入人教版普通高中课程标准实验教科书语文选修系列《中国现代诗歌散文欣赏》教材中。', '2019-03-07', 1980, 0, '十岁那年，我在一次作文比赛中得了第一。母亲那时候还年轻，急着跟我说她自己，说她小时候的作文作得还要好，老师甚至不相信那么好的文章会是她写的。“老师找到家来问，是不是家里的大人帮了忙。我那时可能还不到十岁呢。”我听得扫兴，故意笑：“可能？什么叫可能还不到？”她就解释。我装作根本不再注意她的话，对着墙打乒乓球，把她气得够呛。不过我承认她聪明，承认她是世界上长得最好看的女的。她正给自己做一条蓝底白花的裙子。\r\n二十岁，我的两条腿残废了。除去给人家画彩蛋，我想我还应该再干点别的事，先后改变了几次主意，最后想学写作。母亲那时已不年轻，为了我的腿，她头上开始有了白发。医院已经明确表示，我的病情目前没办法治。母亲的全副心思却还放在给我治病上，到处找大夫，打听偏方，花很多钱。她倒总能找来些稀奇古怪的药，让我吃，让我喝，或者是洗、敷、熏、灸。“别浪费时间啦！ 根本没用！ ”我说，我一心只想着写小说，仿佛那东西能把残废人救出困境。“再试一回，不试你怎么知道会没用？”她说，每一回都虔诚地抱着希望。然而对我的腿，有多少回希望就有多少回失望，最后一回，我的胯上被熏成烫伤。医院的大夫说，这实在太悬了，对于瘫痪病人。这差不多是要命的事。我倒没太害怕，心想死了也好，死了倒痛快。母亲惊惶了几个月，昼夜守着我，一换药就说：“怎么会烫了呢？我还直留神呀！”幸亏伤口好起来，不然她非疯了不可。\r\n后来她发现我在写小说。她跟我说：“那就好好写吧。”我听出来，她对治好我的腿也终于绝望。“我年轻的时候也最喜欢文学，”她说。“跟你现在差不多大的时候，我也想过搞写作，”她说。“你小时候的作文不是得过第一？”她提醒我说。我们俩都尽力把我的腿忘掉。她到处去给我借书，顶着雨或冒了雪推我去看电影，像过去给我找大夫，打听偏方那样，抱了希望。\r\n三十岁时，我的第一篇小说发表了。母亲却已不在人世，过了几年，我的另一篇小说又侥幸获奖，母亲已经离开我整整七年。\r\n获奖之后，登门采访的记者就多，大家都好心好意，认为我不容易。但是我只准备了一套话，说来说去就觉得心烦。我摇着车躲出去，坐在小公园安静的树林里，想：上帝为什么早早地召母亲回去呢？迷迷糊糊的，我听见回答：“她心里太苦了。上帝看她受不住了，就召她回去。”我的心得到一点安慰，睁开眼睛，看见风在树林里吹过。\r\n我摇车离开那儿，在街上瞎逛，不想回家。\r\n母亲去世后，我们搬了家。我很少再到母亲住过的那个小院儿去。小院儿在一个大院儿的尽里头，我偶尔摇车到大院儿去坐坐，但不愿意去那儿小院儿，推说手摇车进去不方便。院儿里的老太太们还都把我当儿孙看，尤其想到我又没了母亲，但都不说，光扯些闲话，怪我不常去。我坐在院子当中，喝东家的茶，吃西家的瓜。有一年，人们终于又提到母亲：“到小院儿去看看吧，你妈种的那棵合欢树4今年开花了！”我心里一阵抖，还是推说手摇车进出太不易。大伙就不再说，忙扯些别的，说起我们原来住的房子里现在住了小两口，女的刚生了个儿子，孩子不哭不闹，光是瞪着眼睛看窗户上的树影儿。\r\n我没料到那棵树还活着。那年，母亲到劳动局去给我找工作，回来时在路边挖了一棵刚出土的“含羞草”，以为是含羞草，种在花盆里长，竟是一棵合欢树。母亲从来喜欢那些东西，但当时心思全在别处。第二年合欢树没有发芽，母亲叹息了一回，还不舍得扔掉，依然让它长在瓦盆里。第三年，合欢树却又长出叶子，而且茂盛了。母亲高兴了很多天，以为那是个好兆头，常去侍弄它，不敢再大意。又过一年，她把合欢树移出盆，栽在窗前的地上，有时念叨，不知道这种树几年才开花。再过一年，我们搬了家。悲痛弄得我们都把那棵小树忘记了。\r\n与其在街上瞎逛，我想，不如就去看看那棵树吧。我也想再看着母亲住过的那间房。我老记着，那儿还有个刚来到世上的孩子，不哭不闹，瞪着眼睛看树影儿。是那棵合欢树的影子吗？小院儿里只有那棵树。\r\n院儿里的老太太们还是那么欢迎我，东屋倒茶，西屋点烟，送到我跟前。大伙都不知道我获奖的事，也许知道，但不觉得那很重要；还是都问我的腿，问我是否有了正式工作。这回，想摇车进小院儿真是不能了，家家门前的小厨房都扩大，过道窄到一个人推自行车进出也要侧身。我问起那棵合欢树。大伙说，年年都开花，长到房高了。这么说，我再看不见它了。我要是求人背我去看，倒也不是不行。我挺后悔前两年没有自己摇车进去看看。\r\n我摇着车在街上慢慢走，不急着回家。人有时候只想独自静静地呆一会。悲伤也成享受。\r\n有一天那个孩子长大了，会想到童年的事，会想起那些晃动的树影儿，会想起他自己的妈妈，他会跑去看看那棵树。但他不会知道那棵树是谁种的，是怎么种的。', 1, 1);
INSERT INTO `Articles` VALUES (2, '荷塘月色', '朱自清', '1', 0, '《荷塘月色》是中国文学家朱自清任教清华大学时所写的一篇散文，因收入中学语文教材而广为人知，是现代抒情散文的名篇。文章写了荷塘月色美丽的景象，含蓄而又委婉地抒发了作者不满现实，渴望自由，想超脱现实而又不能的复杂的思想感情，为后人留下了旧中国正直知识分子在苦难中徘徊前进的足迹。寄托了作者一种向往于未来的政治思想，也寄托了作者对荷塘月色的喜爱之情。', '2019-03-07', 1920, 0, '这几天心里颇不宁静。今晚在院子里坐着乘凉，忽然想起日日走过的荷塘，在这满月的光里，总该另有一番样子吧。月亮渐渐地升高了，墙外马路上孩子们的欢笑，已经听不见了；妻在屋里拍着闰儿，迷迷糊糊地哼着眠歌。我悄悄地披了大衫，带上门出去。\r\n沿着荷塘，是一条曲折的小煤屑路。这是一条幽僻的路；白天也少人走，夜晚更加寂寞。荷塘四面，长着许多树，蓊蓊郁郁的。路的一旁，是些杨柳，和一些不知道名字的树。没有月光的晚上，这路上阴森森的，有些怕人。今晚却很好，虽然月光也还是淡淡的。\r\n路上只我一个人，背着手踱着。这一片天地好像是我的；我也像超出了平常的自己，到了另一个世界里。我爱热闹，也爱冷静；爱群居，也爱独处。像今晚上，一个人在这苍茫的月下，什么都可以想，什么都可以不想，便觉是个自由的人。白天里一定要做的事，一定要说的话，现 在都可不理。这是独处的妙处，我且受用这无边的荷香月色好了。\r\n曲曲折折的荷塘上面，弥望的是田田的叶子。叶子出水很高，像亭亭的舞女的裙。层层的叶子中间，零星地点缀着些白花，有袅娜地开着的，有羞涩地打着朵儿的；正如一粒粒的明珠，又如碧天里的星星，又如刚出浴的美人。微风过处，送来缕缕清香，仿佛远处高楼上渺茫的歌声似的。这时候叶子与花也有一丝的颤动，像闪电般，霎时传过荷塘的那边去了。叶子本是肩并肩密密地挨着，这便宛然有了一道凝碧的波痕。叶子底下是脉脉的流水，遮住了，不能见一些颜色；而叶子却更见风致了。\r\n月光如流水一般，静静地泻在这一片叶子和花上。薄薄的青雾浮起在荷塘里。叶子和花仿佛在牛乳中洗过一样；又像笼着轻纱的梦。虽然是满月，天上却有一层淡淡的云，所以不能朗照；但我以为这恰是到了好处——酣眠固不可少，小睡也别有风味的。月光是隔了树照过来的，高处丛生的灌木，落下参差的斑驳的黑影，峭楞楞如鬼一般；弯弯的杨柳的稀疏的倩影，却又像是画在荷叶上。塘中的月色并不均匀；但光与影有着和谐的旋律，如梵婀玲上奏着的名曲。\r\n荷塘的四面，远远近近，高高低低都是树，而杨柳最多。这些树将一片荷塘重重围住；只在小路一旁，漏着几段空隙，像是特为月光留下的。树色一例是阴阴的，乍看像一团烟雾；但杨柳的丰姿，便在烟雾里也辨得出。树梢上隐隐约约的是一带远山，只有些大意罢了。树缝里也漏着一两点路灯光，没精打采的，是渴睡人的眼。这时候最热闹的，要数树上的蝉声与水里的蛙声；但热闹是它们的，我什么也没有。\r\n忽然想起采莲的事情来了。采莲是江南的旧俗，似乎很早就有，而六朝时为盛；从诗歌里可以约略知道。采莲的是少年的女子，她们是荡着小船，唱着艳歌去的。采莲人不用说很多，还有看采莲的人。那是一个热闹的季节，也是一个风流的季节。梁元帝《采莲赋》里说得好：\r\n于是妖童媛女，荡舟心许；鷁首徐回，兼传羽杯；棹将移而藻挂，船欲动而萍开。尔其纤腰束素，迁延顾步；夏始春余，叶嫩花初，恐沾裳而浅笑，畏倾船而敛裾。\r\n可见当时嬉游的光景了。这真是有趣的事，可惜我们现 在早已无福消受了。\r\n于是又记起，《西洲曲》里的句子：\r\n采莲南塘秋，莲花过人头；低头弄莲子，莲子清如水。\r\n今晚若有采莲人，这儿的莲花也算得“过人头”了；只不见一些流水的影子，是不行的。这令我到底惦着江南了。——这样想着，猛一抬头，不觉已是自己的门前；轻轻地推门进去，什么声息也没有，妻已睡熟好久了。\r\n一九二七年七月，北京清华园。', 1, 1);
INSERT INTO `Articles` VALUES (3, '背影（修改测试）', '朱自清', '1', 3, '《背影》是现代作家朱自清于1925年所写的一篇回忆性散文。这篇散文叙述的是作者离开南京到北京大学，父亲送他到浦口火车站，照料他上车，并替他买橘子的情形。在作者脑海里印象最深刻的，是他父亲替他买橘子时在月台爬上攀下时的背影。作者用朴素的文字，把父亲对儿女的爱，表达得深刻细腻，真挚感动，从平凡的事件中，呈现出父亲的关怀和爱护。', '2019-03-07', 1920, 0, '（test）我与父亲不相见已二年余了，我最不能忘记的是他的背影。\n那年冬天，祖母死了，父亲的差使1也交卸了，正是祸不单行的日子。我从北京到徐州，打算跟着父亲奔丧2回家。到徐州见着父亲，看见满院狼藉3的东西，又想起祖母，不禁簌簌地流下眼泪。父亲说：“事已如此，不必难过，好在天无绝人之路！”\n回家变卖典质4，父亲还了亏空；又借钱办了丧事。这些日子，家中光景5很是惨澹，一半为了丧事，一半为了父亲赋闲6。丧事完毕，父亲要到南京谋事，我也要回北京念书，我们便同行。\n到南京时，有朋友约去游逛，勾留7了一日；第二日上午便须渡江到浦口，下午上车北去。父亲因为事忙，本已说定不送我，叫旅馆里一个熟识的茶房8陪我同去。他再三嘱咐茶房，甚是仔细。但他终于不放心，怕茶房不妥帖9；颇踌躇10了一会。其实我那年已二十岁，北京已来往过两三次，是没有什么要紧的了。他踌躇了一会，终于决定还是自己送我去。我再三劝他不必去；他只说：“不要紧，他们去不好！”\n我们过了江，进了车站。我买票，他忙着照看行李。行李太多，得向脚夫11行些小费才可过去。他便又忙着和他们讲价钱。我那时真是聪明过分，总觉他说话不大漂亮，非自己插嘴不可，但他终于讲定了价钱；就送我上车。他给我拣定了靠车门的一张椅子；我将他给我做的紫毛大衣铺好座位。他嘱我路上小心，夜里要警醒些，不要受凉。又嘱托茶房好好照应我。我心里暗笑他的迂；他们只认得钱，托他们只是白托！而且我这样大年纪的人，难道还不能料理自己么？我现在想想，我那时真是太聪明了。\n我说道：“爸爸，你走吧。”他望车外看了看，说：“我买几个橘子去。你就在此地，不要走动。”我看那边月台的栅栏外有几个卖东西的等着顾客。走到那边月台，须穿过铁道，须跳下去又爬上去。父亲是一个胖子，走过去自然要费事些。我本来要去的，他不肯，只好让他去。我看见他戴着黑布小帽，穿着黑布大马褂12，深青布棉袍，蹒跚13地走到铁道边，慢慢探身下去，尚不大难。可是他穿过铁道，要爬上那边月台，就不容易了。他用两手攀着上面，两脚再向上缩；他肥胖的身子向左微倾，显出努力的样子。这时我看见他的背影，我的泪很快地流下来了。我赶紧拭干了泪。怕他看见，也怕别人看见。我再向外看时，他已抱了朱红的橘子往回走了。过铁道时，他先将橘子散放在地上，自己慢慢爬下，再抱起橘子走。到这边时，我赶紧去搀他。他和我走到车上，将橘子一股脑儿放在我的皮大衣上。于是扑扑衣上的泥土，心里很轻松似的。过一会儿说：“我走了，到那边来信！”我望着他走出去。他走了几步，回过头看见我，说：“进去吧，里边没人。”等他的背影混入来来往往的人里，再找不着了，我便进来坐下，我的眼泪又来了。\n近几年来，父亲和我都是东奔西走，家中光景是一日不如一日。他少年出外谋生，独力支持，做了许多大事。哪知老境却如此颓唐！他触目伤怀，自然情不能自已。情郁于中，自然要发之于外；家庭琐屑便往往触他之怒。他待我渐渐不同往日。但最近两年不见，他终于忘却我的不好，只是惦记着我，惦记着他的儿子。我北来后，他写了一信给我，信中说道：“我身体平安，惟膀子疼痛厉害，举箸14提笔，诸多不便，大约大去之期15不远矣。”我读到此处，在晶莹的泪光中，又看见那肥胖的、青布棉袍黑布马褂的背影。唉！我不知何时再能与他相见！', 1, 1);
INSERT INTO `Articles` VALUES (4, '老王', '杨绛', '2', 2, '《老王》是当代文学家杨绛于1984年创作的一篇回忆性散文。文章以“我”与老王的交往为线索，回忆了老王的几个生活片段，刻画了一个穷苦卑微但心地善良、老实厚道的“老王”形象，表达了作者一家对老王那样不幸者的关心、同情和尊重。作者也提出了一个引人深思的问题：社会应不应该以人道主义精神来关心不幸者。', '2019-03-07', 1980, 1, '我常坐老王的三轮。他蹬，我坐，一路上我们说着闲话。\r\n据老王自己讲：北京解放后，蹬三轮的都组织起来，那时候他“脑袋慢”，“没绕过来”，“晚了一步”，就“进不去了”，他感叹自己“人老了，没用了”。老王常有失群落伍的惶恐，因为他是单干户。他靠着活命的只是一辆破旧的三轮车。有个哥哥，死了，有两个侄儿，“没出息”，此外就没什么亲人。\r\n老王只有一只眼，另一只是“田螺眼”，瞎的。乘客不愿坐他的车，怕他看不清，撞了什么。有人说，这老光棍大约年轻时不老实，害了什么恶病，瞎掉了一只眼。他那只好眼也有病，天黑了就看不见。有一次，他撞在电杆上，撞得半面肿胀，又青又紫。那时候我们在干校，我女儿说他是夜盲症，给他吃了大瓶的鱼肝油，晚上就看得见了。他也许是从小营养不良而瞎了一眼，也许是得了恶病，反正同是不幸，而后者该是更深的不幸。\r\n有一天傍晚，我们夫妇散步，经过一个荒僻的小胡同，看见一个破破落落的大院，里面有几间塌败的小屋；老王正蹬着他那辆三轮进大院去。后来我在坐着老王的车和他闲聊的时候，问起那里是不是他的家。他说，住那儿多年了。\r\n有一年夏天，老王给我们楼下人家送冰，愿意给我们家带送，车费减半。我们当然不要他减半收费。每天清晨，老王抱着冰上三楼，代我们放入冰箱。他送的冰比他前任送的大一倍，冰价相等。胡同口蹬三轮的我们大多熟识，老王是其中最老实的。他从没看透我们是好欺负的主顾，他大概压根儿没想到这点。\r\n“文化大革命”开始，默存不知怎么的一条腿走不得路了。我代他请了假，烦老王送他上医院。我自己不敢乘三轮，挤公共汽车到医院门口等待。老王帮我把默存扶下车，却坚决不肯拿钱。他说：“我送钱先生看病，不要钱。”我一定要给钱，他哑着嗓子悄悄问我：“你还有钱吗？”我笑着说有钱，他拿了钱却还不大放心。\r\n我们从干校回来，载客三轮都取缔了。老王只好把他那辆三轮改成运货的平板三轮。他并没有力气运送什么货物。幸亏有一位老先生愿把自己降格为“货”，让老王运送。老王欣然在三轮平板的周围装上半寸高的边缘，好像有了这半寸边缘，乘客就围住了不会掉落。我问老王凭这位主顾，是否能维持生活，他说可以凑合。可是过些时老王病了，不知什么病，花钱吃了不知什么药，总不见好。开始几个月他还能扶病到我家来，以后只好托他同院的老李来代他传话了。\r\n有一天，我在家听到打门，开门看见老王直僵僵地镶嵌在门框里。往常他坐在蹬三轮的座上，或抱着冰伛着身子进我家来，不显得那么高。也许他平时不那么瘦，也不那么直僵僵的。他面如死灰，两只眼上都结着一层翳，分不清哪一只瞎，哪一只不瞎。说得可笑些，他简直像棺材里倒出来的，就像我想象里的僵尸，骷髅上绷着一层枯黄的干皮，打上一棍就会散成一堆白骨。我吃惊地说：“啊呀，老王，你好些了吗？”\r\n他“嗯”了一声，直着脚往里走，对我伸出两手。他一手提着个瓶子，一手提着一包东西。\r\n我忙去接。瓶子里是香油，包裹里是鸡蛋。我记不清是十个还是二十个，因为在我记忆里多得数不完。我也记不起他是怎么说的，反正意思很明白，那是他送我们的。\r\n我强笑说：“老王，这么新鲜的大鸡蛋，都给我们吃？”\r\n他只说：“我不吃。”\r\n我谢了他的好香油，谢了他的大鸡蛋，然后转身进屋去。他赶忙止住我说：“我不是要钱。”\r\n我也赶忙解释：“我知道，我知道——不过你既然来了，就免得托人捎了。”\r\n他也许觉得我这话有理，站着等我。\r\n我把他包鸡蛋的一方灰不灰、蓝不蓝的方格子破布叠好还他。他一手拿着布，一手攥着钱，滞笨地转过身子。我忙去给他开了门，站在楼梯口，看他直着脚一级一级下楼去，直担心他半楼梯摔倒。等到听不见脚步声，我回屋才感到抱歉，没请他坐坐喝口茶水。可是我害怕得糊涂了。那直僵僵的身体好像不能坐，稍一弯曲就会散成一堆骨头。我不能想象他是怎么回家的。\r\n过了十多天，我碰见老王同院的老李。我问：“老王怎么了？好些没有？”\r\n“早埋了。”\r\n“呀，他什么时候······”\r\n“什么时候死的？就是到您那儿的第二天。”\r\n他还讲老王身上缠了多少尺全新的白布——因为老王是回民，埋在什么沟里。我也不懂，没多问。\r\n我回家看着还没动用的那瓶香油和没吃完的鸡蛋，一再追忆老王和我对答的话，捉摸他是否知道我领受他的谢意。我想他是知道的。但不知为什么，每想起老王，总觉得心上不安。因为吃了他的香油和鸡蛋？因为他来表示感谢，我却拿钱去侮辱他？都不是。几年过去了，我渐渐明白：那是一个幸运的人对一个不幸者的愧怍。', 1, 1);
INSERT INTO `Articles` VALUES (5, '社戏', '鲁迅', '3', 1, '《社戏》是现代文学家鲁迅写于1922年的短篇小说，发表于同年12月《小说月刊》第13卷12号，后收入小说集《呐喊》。这篇小说以作者少年时代的生活经历为依据，用第一人称写“我”20年来三次看戏的经历：两次是辛亥革命后在北京看京戏，一次是少年时代在浙江绍兴乡村看社戏。作者以饱含深情的笔墨，刻画了一群农家少年朋友的形象，表现了劳动人民淳朴、善良、友爱、无私的好品德，表达了作者对少年时代生活的怀念，特别是对农家朋友诚挚情谊的眷念。', '2019-03-07', 1920, 1, '我在倒数上去的二十年中，只看过两回中国戏，前十年是绝不看，因为没有看戏的意思和机会，那两回全在后十年，然而都没有看出什么来就走了。\r\n第一回是民国元年我初到北京的时候，当时一个朋友对我说，北京戏最好，你不去见见世面么？我想，看戏是有味的，而况在北京呢。于是都兴致勃勃地跑到什么园，戏文已经开场了，在外面也早听到冬冬地响。我们挨进门，几个红的绿的在我的眼前一闪烁，便又看见戏台下满是许多头，再定神四面看，却见中间也还有几个空座，挤过去要坐时，又有人对我发议论，我因为耳朵已经喤喤的响着了，用了心，才听到他是说“有人，不行！”\r\n我们退到后面，一个辫子很光的却来领我们到了侧面，指出一个地位来。这所谓地位者，原来是一条长凳，然而他那坐板比我的上腿要狭到四分之三，他的脚比我的下腿要长过三分之二。我先是没有爬上去的勇气，接着便联想到私刑拷打的刑具，不由的毛骨悚然地走出了。\r\n走了许多路，忽听得我的朋友的声音道，“究竟怎的？”我回过脸去，原来他也被我带出来了。他很诧异地说，“怎么总是走，不答应？”我说，“朋友，对不起，我耳朵只在冬冬喤喤的响，并没有听到你的话。”\r\n后来我每一想到，便很以为奇怪，似乎这戏太不好，——否则便是我近来在戏台下不适于生存了。\r\n第二回忘记了那一年，总之是募集湖北水灾捐而谭叫天（注：即京剧名角谭志道）还没有死。捐法是两元钱买一张戏票，可以到第一舞台去看戏，扮演的多是名角，其一就是小叫天。我买了一张票，本是对于劝募人聊以塞责的，然而似乎又有好事家乘机对我说了些叫天不可不看的大法要了。我于是忘了前几年的冬冬喤喤之灾，竟到第一舞台去了，但大约一半也因为重价购来的宝票，总得使用了才舒服。我打听得叫天出台是迟的，而第一舞台却是新式构造，用不着争座位，便放了心，延宕到九点钟才去，谁料照例，人都满了，连立足也难，我只得挤在远处的人丛中看一个老旦在台上唱。那老旦嘴边插着两个点火的纸捻子，旁边有一个鬼卒，我费尽思量，才疑心他或者是目连的母亲，因为后来又出来了一个和尚。然而我又不知道那名角是谁，就去问挤小在我的左边的一位胖绅士。他很看不起似的斜瞥了我一眼，说道，“龚云甫！”我深愧浅陋而且粗疏，脸上一热，同时脑里也制出了决不再问的定章，于是看小旦唱，看花旦唱，看老生唱，看不知什么角色唱，看一大班人乱打，看两三个人互打，从九点多到十点，从十点到十一点，从十一点到十一点半，从十一点半到十二点，——然而叫天竟还没有来。\r\n我向来没有这样忍耐的等待过什么事物，而况这身边的胖绅士的吁吁的喘气，这台上的冬冬喤喤的敲打，红红绿绿的晃荡，加之以十二点，忽而使我醒悟到在这里不适于生存了。我同时便机械的拧转身子，用力往外只一挤，觉得背后便已满满的，大约那弹性的胖绅士早在我的空处胖开7了他的右半身了。我后无回路，自然挤而又挤，终于出了大门。街上除了专等看客的车辆之外，几乎没有什么行人了，大门口却还有十几个人昂着头看戏目，别有一堆人站着并不看什么，我想：他们大概是看散戏之后出来的女人们的，而叫天却还没有来……\r\n然而夜气很清爽，真所谓“沁人心脾”，我在北京遇着这样的好空气，仿佛这是第一遭了。\r\n这一夜，就是我对于中国戏告了别的一夜，此后再没有想到他，即使偶尔经过戏园，我们也漠不相关，精神上早已一在天之南一在地之北了。\r\n但是前几天，我忽在无意之中看到一本日本文的书，可惜忘记了书名和著者，总之是关于中国戏的。其中有一篇，大意仿佛说，中国戏是大敲，大叫，大跳，使看客头昏脑眩，很不适于剧场，但若在野外散漫的所在，远远的看起来，也自有他的风致。我当时觉着这正是说了在我意中而未曾想到的话，因为我确记得在野外看过很好的戏，到北京以后的连进两回戏园去，也许还是受了那时的影响哩。可惜我不知道怎么一来，竟将书名忘却了。\r\n至于我看好戏的时候，却实在已经是“远哉遥遥”的了，其时恐怕我还不过十一二岁。\r\n我们鲁镇的习惯，本来是凡有出嫁的女儿，倘自己还未当家，夏间便大抵回到母家去消夏。那时我的祖母虽然还康健，但母亲也已分担了些家务，所以夏期便不能多日的归省了，只得在扫墓完毕之后，抽空去住几天，这时我便每年跟了我的母亲住在外祖母的家里。那地方叫平桥村，是一个离海边不远，极偏僻的，临河的小村庄；住户不满三十家，都种田，打鱼，只有一家很小的杂货店。但在我是乐土：因为我在这里不但得到优待，又可以免念“秩秩斯干幽幽南山”了。\r\n和我一同玩的是许多小朋友，因为有了远客，他们也都从父母那里得了减少工作的许可，伴我来游戏。在小村里，一家的客，几乎也就是公共的。我们年纪都相仿，但论起行辈来，却至少是叔子，有几个还是太公，因为他们合村都同姓，是本家。然而我们是朋友，即使偶尔吵闹起来，打了太公，一村的老老少少，也决没有一个会想出“犯上”这两个字来，而他们也百分之九十九不识字。\r\n我们每天的事情大概是掘蚯蚓，掘来穿在铜丝做的小钩上，伏在河沿上去钓虾。虾是水世界里的呆子，决不惮用了自己的两个钳捧着钩尖送到嘴里去的，所以不半天便可以钓到一大碗。这虾照例是归我吃的。其次便是一同去放牛，但或者因为高等动物了的缘故罢，黄牛水牛都欺生，敢于欺侮我，因此我也总不敢走近身，只好远远地跟着，站着。这时候，小朋友们便不再原谅我会读“秩秩斯干”，却全都嘲笑起来了。\r\n至于我在那里所第一盼望的，却在到赵庄去看戏。赵庄是离平桥村五里的较大的村庄；平桥村太小，自己演不起戏，每年总付给赵庄多少钱，算作合做的。当时我并不想到他们为什么年年要演戏。现在想，那或者是春赛，是社戏了。\r\n就在我十一二岁时候的这一年，这日期也看看等到了。不料这一年真可惜，在早上就叫不到船。平桥村只有一只早出晚归的航船是大船，决没有留用的道理。其余的都是小船，不合用；央人到邻村去问，也没有，早都给别人定下了。外祖母很气恼，怪家里的人不早定，絮叨起来。母亲便宽慰伊，说我们鲁镇的戏比小村里的好得多，一年看几回，今天就算了。只有我急得要哭，母亲却竭力的嘱咐我，说万不能装模装样，怕又招外祖母生气，又不准和别人一同去，说是怕外祖母要担心。\r\n总之，是完了。到下午，我的朋友都去了，戏已经开场了，我似乎听到锣鼓的声音，而且知道他们在戏台下买豆浆喝。\r\n这一天我不钓虾，东西也少吃。母亲很为难，没有法子想。到晚饭时候，外祖母也终于觉察了，并且说我应当不高兴，他们太怠慢，是待客的礼数里从来没有的。吃饭之后，看过戏的少年们也都聚拢来了，高高兴兴的来讲戏。只有我不开口；他们都叹息而且表同情。忽然间，一个最聪明的双喜大悟似的提议了，他说，“大船？八叔的航船不是回来了么？”十几个别的少年也大悟，立刻撺掇起来，说可以坐了这航船和我一同去。我高兴了。然而外祖母又怕都是孩子，不可靠；母亲又说是若叫大人一同去，他们白天全有工作，要他熬夜，是不合情理的。在这迟疑之中，双喜可又看出底细来了，便又大声的说道，“我写包票！船又大；迅哥儿向来不乱跑；我们又都是识水性的！”\r\n诚然！这十多个少年，委实没有一个不会凫水的，而且两三个还是弄潮的好手。\r\n外祖母和母亲也相信，便不再驳回，都微笑了。我们立刻一哄的出了门。\r\n我的很重的心忽而轻松了，身体也似乎舒展到说不出的大。一出门，便望见月下的平桥内泊着一只白篷的航船，大家跳下船，双喜拔前篙，阿发拔后篙，年幼的都陪我坐在舱中，较大的聚在船尾。母亲送出来吩咐“要小心”的时候，我们已经点开船，在桥石上一磕，退后几尺，即又上前出了桥。于是架起两支橹，一支两人，一里一换，有说笑的，有嚷的，夹着潺潺的船头激水的声音，在左右都是碧绿的豆麦田地的河流中，飞一般径向赵庄前进了。\r\n两岸的豆麦和河底的水草所发散出来的清香，夹杂在水气中扑面的吹来；月色便朦胧在这水气里。淡黑的起伏的连山，仿佛是踊跃的铁的兽脊似的，都远远的向船尾跑去了，但我却还以为船慢。他们换了四回手，渐望见依稀的赵庄，而且似乎听到歌吹了，还有几点火，料想便是戏台，但或者也许是渔火。\r\n那声音大概是横笛，宛转，悠扬，使我的心也沉静，然而又自失起来，觉得要和他弥散在含着豆麦蕴藻之香的夜气里。\r\n那火接近了，果然是渔火；我才记得先前望见的也不是赵庄。那是正对船头的一丛松柏林，我去年也曾经去游玩过，还看见破的石马倒在地下，一个石羊蹲在草里呢。过了那林，船便弯进了叉港，于是赵庄便真在眼前了。\r\n最惹眼的是屹立在庄外临河的空地上的一座戏台，模糊在远处的月夜中，和空间几乎分不出界限，我疑心画上见过的仙境，就在这里出现了。这时船走得更快，不多时，在台上显出人物来，红红绿绿的动，近台的河里一望乌黑的是看戏的人家的船篷。\r\n“近台没有什么空了，我们远远的看罢。”阿发说。\r\n这时船慢了，不久就到，果然近不得台旁，大家只能下了篙，比那正对戏台的神棚还要远。其实我们这白篷的航船，本也不愿意和乌篷的船在一处，而况并没有空地呢……\r\n在停船的匆忙中，看见台上有一个黑的长胡子的背上插着四张旗，捏着长枪，和一群赤膊的人正打仗。双喜说，那就是有名的铁头老生，能连翻八十四个筋斗，他日里亲自数过的。\r\n我们便都挤在船头上看打仗，但那铁头老生却又并不翻筋斗，只有几个赤膊的人翻，翻了一阵，都进去了，接着走出一个小旦来，咿咿呀呀的唱。双喜说，“晚上看客少，铁头老生也懈了，谁肯显本领给白地看呢？”我相信这话对，因为其时台下已经不很有人，乡下人为了明天的工作，熬不得夜，早都睡觉去了，疏疏朗朗的站着的不过是几十个本村和邻村的闲汉。乌篷船里的那些土财主的家眷固然在，然而他们也不在乎看戏，多半是专到戏台下来吃糕饼、水果和瓜子的。所以简直可以算白地。\r\n然而我的意思却也并不在乎看翻筋斗。我最愿意看的是一个人蒙了白布，两手在头上捧着一支棒似的蛇头的蛇精，其次是套了黄布衣跳老虎。但是等了许多时都不见，小旦虽然进去了，立刻又出来了一个很老的小生。我有些疲倦了，托桂生买豆浆去。他去了一刻，回来说：“没有。卖豆浆的聋子也回去了。日里倒有，我还喝了两碗呢。现在去舀一瓢水来给你喝罢。”\r\n我不喝水，支撑着仍然看，也说不出见了些什么，只觉得戏子的脸都渐渐的有些稀奇了，那五官渐不明显，似乎融成一片的再没有什么高低。年纪小的几个多打呵欠了，大的也各管自己谈话。忽而一个红衫的小丑被绑在台柱子上，给一个花白胡子的用马鞭打起来了，大家才又振作精神的笑着看。在这一夜里，我以为这实在要算是最好的一折。\r\n然而老旦终于出台了。老旦本来是我所最怕的东西，尤其是怕他坐下了唱。这时候，看见大家也都很扫兴，才知道他们的意见是和我一致的。那老旦当初还只是踱来踱去的唱，后来竟在中间的一把交椅上坐下了。我很担心；双喜他们却就破口喃喃的骂。我忍耐的等着，许多工夫，只见那老旦将手一抬，我以为就要站起来了，不料他却又慢慢的放下在原地方，仍旧唱。全船里几个人不住的吁气，其余的也打起哈欠来。双喜终于熬不住了，说道，怕他会唱到天明还不完，还是我们走的好罢。大家立刻都赞成，和开船时候一样踊跃，三四人径奔船尾，拔了篙，点退几丈，回转船头，驾起橹，骂着老旦，又向那松柏林前进了。\r\n月还没有落，仿佛看戏也并不很久似的，而一离赵庄，月光又显得格外的皎洁。回望戏台在灯火光中，却又如初来未到时候一般，又漂渺得像一座仙山楼阁，满被红霞罩着了。吹到耳边来的又是横笛，很悠扬；我疑心老旦已经进去了，但也不好意思说再回去看。\r\n不多久，松柏林早在船后了，船行也并不慢，但周围的黑暗只是浓，可知已经到了深夜。他们一面议论着戏子，或骂，或笑，一面加紧的摇船。这一次船头的激水声更其响亮了，那航船，就像一条大白鱼背着一群孩子在浪花里蹿，连夜渔的几个老渔父，也停了艇子看着喝彩起来。\r\n离平桥村还有一里模样，船行却慢了，摇船的都说很疲乏，因为太用力，而且许久没有东西吃。这回想出来的是桂生，说是罗汉豆正旺相，柴火又现成，我们可以偷一点来煮吃。大家都赞成，立刻近岸停了船；岸上的田里，乌油油的都是结实的罗汉豆。\r\n“阿阿，阿发，这边是你家的，这边是老六一家的，我们偷那一边的呢？”双喜先跳下去了，在岸上说。\r\n我们也都跳上岸。阿发一面跳，一面说道，“且慢，让我来看一看罢，”他于是往来的摸了一回，直起身来说道，“偷我们的罢，我们的大得多呢。”一声答应，大家便散开在阿发家的豆田里，各摘了一大捧，抛入船舱中。双喜以为再多偷，倘给阿发的娘知道是要哭骂的，于是各人便到六一公公的田里又各偷了一大捧。\r\n我们中间几个年长的仍然慢慢的摇着船，几个到后舱去生火，年幼的和我都剥豆。不久豆熟了，便任凭航船浮在水面上，都围起来用手撮着吃。吃完豆，又开船，一面洗器具，豆荚豆壳全抛在河水里，什么痕迹也没有了。双喜所虑的是用了八公公船上的盐和柴，这老头子很细心，一定要知道，会骂的。然而大家议论之后，归结是不怕。他如果骂，我们便要他归还去年在岸边拾去的一枝枯桕树，而且当面叫他“八癞子”。\r\n“都回来了！那里会错。我原说过写包票的！”双喜在船头上忽而大声的说。\r\n我向船头一望，前面已经是平桥。桥脚上站着一个人，却是我的母亲，双喜便是对伊说着话。我走出前舱去，船也就进了平桥了，停了船，我们纷纷都上岸。母亲颇有些生气，说是过了三更了，怎么回来得这样迟，但也就高兴了，笑着邀大家去吃炒米。\r\n大家都说已经吃了点心，又渴睡，不如及早睡的好，各自回去了。\r\n第二天，我向午才起来，并没有听到什么关系八公公盐柴事件的纠葛，下午仍然去钓虾。\r\n双喜，你们这班小鬼，昨天偷了我的豆了罢？又不肯好好的摘，踏坏了不少。”我抬头看时，是六一公公棹着小船，卖了豆回来了，船肚里还有剩下的一堆豆。\r\n“是的。我们请客。我们当初还不要你的呢。你看，你把我的虾吓跑了！”双喜说。\r\n六一公公看见我，便停了楫，笑道，“请客？——这是应该的。”于是对我说，“迅哥儿，昨天的戏可好么？”\r\n我点一点头，说道，“好。”\r\n“豆可中吃呢？”\r\n我又点一点头，说道，“很好。”\r\n不料六一公公竟非常感激起来，将大拇指一翘，得意的说道，“这真是大市镇里出来的读过书的人才识货！我的豆种是粒粒挑选过的，乡下人不识好歹，还说我的豆比不上别人的呢。我今天也要送些给我们的姑奶奶尝尝去……”他于是打着楫子过去了。\r\n待到母亲叫我回去吃晚饭的时候，桌上便有一大碗煮熟了的罗汉豆，就是六一公公送给母亲和我吃的。听说他还对母亲极口夸奖我，说“小小年纪便有见识，将来一定要中状元。姑奶奶，你的福气是可以写包票的了”。但我吃了豆，却并没有昨夜的豆那么好。\r\n真的，一直到现在，我实在再没有吃到那夜似的好豆，——也不再看到那夜似的好戏了。', 1, 1);
INSERT INTO `Articles` VALUES (6, '从百草园到三味书屋', '鲁迅', '3', 0, '《从百草园到三味书屋》是鲁迅于1926年写的一篇童年妙趣生活的回忆性散文，此文被收入《朝花夕拾》。全文描述了色调不同，情韵各异的两大景片：百草园和三味书屋。作者写百草园，以“乐”为中心，采用白描手法，以简约生动的文字，描绘了一个奇趣无穷的儿童乐园，其间穿插“美女蛇”的传说和冬天雪地捕鸟的故事，动静结合，详略得当，趣味无穷。三味书屋则是一个充全不同的世界，作者逼真地写出了三味书屋的陈腐味，说它是“全城中称为最严厉的书塾”，儿童在那里受到规矩的束缚。但作者并未将三味书屋写得死气沉沉，而是通过课间学生溜到后园嬉耍，老私塾先生在课堂上入神读书学生乘机偷乐两个小故事的叙述，使三味书屋充满了谐趣，表现了儿童不可压抑的快乐天性。该散文入选初中语文，人民教育出版社七年级（下册）。', '2019-03-07', 1920, 1, '我家的后面有一个很大的园，相传叫作百草园。现在是早已并屋子一起卖给朱文公的子孙了，连那最末次的相见也已经隔了七八年，其中似乎确凿只有一些野草；但那时却是我的乐园。\r\n不必说碧绿的菜畦，光滑的石井栏，高大的皂荚树，紫红的桑椹；也不必说鸣蝉在树叶里长吟，肥胖的黄蜂伏在菜花上，轻捷的叫天子（云雀）忽然从草间直窜向云霄里去了。单是周围的短短的泥墙根一带，就有无限趣味。油蛉在这里低唱，蟋蟀们在这里弹琴。翻开断砖来，有时会遇见蜈蚣；还有斑蝥，倘若用手指按住它的脊梁，便会拍的一声，从后窍喷出一阵烟雾。何首乌藤和木莲藤缠络着，木莲有莲房一般的果实，何首乌有拥肿的根。有人说，何首乌根是有象人形的，吃了便可以成仙，我于是常常拔它起来，牵连不断地拔起来，也曾因此弄坏了泥墙，却从来没有见过有一块根象人样。如果不怕刺，还可以摘到覆盆子，象小珊瑚珠攒成的小球，又酸又甜，色味都比桑椹要好得远。\r\n长的草里是不去的，因为相传这园里有一条很大的赤练蛇。\r\n长妈妈曾经讲给我一个故事听：先前，有一个读书人住在古庙里用功，晚间，在院子里纳凉的时候，突然听到有人在叫他。答应着，四面看时，却见一个美女的脸露在墙头上，向他一笑，隐去了。他很高兴；但竟给那走来夜谈的老和尚识破了机关。说他脸上有些妖气，一定遇见“美女蛇”了；这是人首蛇身的怪物，能唤人名，倘一答应，夜间便要来吃这人的肉的。他自然吓得要死，而那老和尚却道无妨，给他一个小盒子，说只要放在枕边，便可高枕而卧。他虽然照样办，却总是睡不着，——当然睡不着的。到半夜，果然来了，沙沙沙！门外象是风雨声。他正抖作一团时，却听得豁的一声，一道金光从枕边飞出，外面便什么声音也没有了，那金光也就飞回来，敛在盒子里。后来呢？后来，老和尚说，这是飞蜈蚣，它能吸蛇的脑髓，美女蛇就被它治死了。\r\n结末的教训是：所以倘有陌生的声音叫你的名字，你万不可答应他。\r\n这故事很使我觉得做人之险，夏夜乘凉，往往有些担心，不敢去看墙上，而且极想得到一盒老和尚那样的飞蜈蚣。走到百草园的草丛旁边时，也常常这样想。但直到现在，总还没有得到，但也没有遇见过赤练蛇和美女蛇。叫我名字的陌生声音自然是常有的，然而都不是美女蛇。\r\n冬天的百草园比较的无味；雪一下，可就两样了。拍雪人（将自己的全形印在雪上）和塑雪罗汉需要人们鉴赏，这是荒园，人迹罕至，所以不相宜，只好来捕鸟。薄薄的雪，是不行的；总须积雪盖了地面一两天，鸟雀们久已无处觅食的时候才好。扫开一块雪，露出地面，用一支短棒支起一面大的竹筛来，下面撒些秕谷，棒上系一条长绳，人远远地牵着，看鸟雀下来啄食，走到竹筛底下的时候，将绳子一拉，便罩住了。但所得的是麻雀居多，也有白颊的“张飞鸟”，性子很躁，养不过夜的。\r\n这是闰土的父亲所传授的方法，我却不大能用。明明见它们进去了，拉了绳，跑去一看，却什么都没有，费了半天力，捉住的不过三四只。闰土的父亲是小半天便能捕获几十只，装在叉袋里叫着撞着的。我曾经问他得失的缘由，他只静静地笑道：你太性急，来不及等它走到中间去。\r\n我不知道为什么家里的人要将我送进书塾里去了，而且还是全城中称为最严厉的书塾。也许是因为拔何首乌毁了泥墙罢，也许是因为将砖头抛到间壁的梁家去了罢，也许是因为站在石井栏上跳下来罢，……都无从知道。总而言之：我将不能常到百草园了。Ade，我的蟋蟀们！Ade，我的覆盆子们和木莲们！\r\n出门向东，不上半里，走过一道石桥，便是我的先生的家了。从一扇黑油的竹门进去，第三间是书房。中间挂着一块扁道：三味书屋；扁下面是一幅画，画着一只很肥大的梅花鹿伏在古树下。没有孔子牌位，我们便对着那扁和鹿行礼。第一次算是拜孔子，第二次算是拜先生。\r\n第二次行礼时，先生便和蔼地在一旁答礼。他是一个高而瘦的老人，须发都花白了，还戴着大眼镜。我对他很恭敬，因为我早听到，他是本城中极方正，质朴，博学的人。\r\n不知从那里听来的，东方朔也很渊博，他认识一种虫，名曰“怪哉”，冤气所化，用酒一浇，就消释了。我很想详细地知道这故事，但阿长是不知道的，因为她毕竟不渊博。现在得到机会了，可以问先生。\r\n“先生，‘怪哉’这虫，是怎么一回事？……”我上了生书，将要退下来的时候，赶忙问。\r\n“不知道！”他似乎很不高兴，脸上还有怒色了。\r\n我才知道做学生是不应该问这些事的，只要读书，因为他是渊博的宿儒，决不至于不知道，所谓不知道者，乃是不愿意说。年纪比我大的人，往往如此，我遇见过好几回了。\r\n我就只读书，正午习字，晚上对课。先生最初这几天对我很严厉，后来却好起来了，不过给我读的书渐渐加多，对课也渐渐地加上字去，从三言到五言，终于到七言。\r\n三味书屋后面也有一个园，虽然小，但在那里也可以爬上花坛去折腊梅花，在地上或桂花树上寻蝉蜕。最好的工作是捉了苍蝇喂蚂蚁，静悄悄地没有声音。然而同窗们到园里的太多，太久，可就不行了，先生在书房里便大叫起来：——\r\n“人都到那里去了？”\r\n人们便一个一个陆续走回去；一同回去，也不行的。他有一条戒尺，但是不常用，也有罚跪的规矩，但也不常用，普通总不过瞪几眼，大声道：——\r\n“读书！”\r\n于是大家放开喉咙读一阵书，真是人声鼎沸。有念“仁远乎哉我欲仁斯仁至矣”的，有念“笑人齿缺曰狗窦大开”的，有念“上九潜龙勿用”的，有念“厥土下上上错厥贡苞茅橘柚”的……先生自己也念书。后来，我们的声音便低下去，静下去了，只有他还大声朗读着：——\r\n“铁如意，指挥倜傥，一座皆惊呢～～；金叵罗，颠倒淋漓噫，千杯未醉嗬～～……”\r\n我疑心这是极好的文章，因为读到这里，他总是微笑起来，而且将头仰起，摇着，向后面拗过去，拗过去。\r\n先生读书入神的时候，于我们是很相宜的。有几个便用纸糊的盔甲套在指甲上做戏。我是画画儿，用一种叫作“荆川纸”的，蒙在小说的绣像上一个个描下来，象习字时候的影写一样。读的书多起来，画的画也多起来；书没有读成，画的成绩却不少了，最成片断的是《荡寇志》和《西游记》的绣像，都有一大本。后来，因为要钱用，卖给一个有钱的同窗了。他的父亲是开锡箔店的；听说现在自己已经做了店主，而且快要升到绅士的地位了。这东西早已没有了罢。\r\n九月十八日。\r\n选自《朝花夕拾》', 1, 1);
INSERT INTO `Articles` VALUES (7, '蛛丝与梅花', '林徽因', '4', 0, '林徽因温婉的短篇《蛛丝与梅花》，展示一根蛛丝引起的诗意，把简单的景致，写得很美并寓意哲理，尤其是对诗词的解析令人心有戚戚，展示一个人格独立、性情温婉、精致典雅和一副秀劲傲骨的精神世界……', '2019-03-07', 1950, 2, '真真地就是那么两根蛛丝，由门框边轻轻地牵到一枝梅花上。就是那么两根细丝，迎着太阳光发亮……再多了，那还像样么。一个摩登家庭如何能容蛛网在光天白日里作怪，管它有多美丽，多玄妙，多细致，够你对着它联想到一切自然造物的神工和不可思议处;这两根丝本来就该使人脸红，且在冬天够多特别!可是亮亮的，细细的，倒有点像银，也有点像玻璃制的细丝，委实不算讨厌，尤其是它们那么洒脱风雅，偏偏那样有意无意地斜着搭在梅花的枝梢上。\r\n　　你向着那丝看，冬天的太阳照满了屋内，窗明几净，每朵含苞的，开透的，半开的梅花在那里挺秀吐香，情绪不禁迷茫缥缈地充溢心胸，在那刹那的时间中振荡。同蛛丝一样的细弱，和不必需，思想开始抛引出去;由过去牵到将来，意识的，非意识的，由门框梅花牵出宇宙，浮云沧波踪迹不定。是人性，艺术，还是哲学，你也无暇计较，你不能制止你情绪的充溢，思想的驰骋，蛛丝梅花竟然是瞬息可以千里!\r\n　　好比你是蜘蛛，你的周围也有你自织的蛛网，细致地牵引着天地，不怕多少次风雨来吹断它，你不会停止了这生命上基本的活动。此刻……“一枝斜好，幽香不知甚处，”……\r\n　　拿梅花来说吧，一串串丹红的结蕊缀在秀劲的傲骨上，最可爱，最可赏，等半绽将开地错落在老技上时，你便会心跳!梅花最怕开;开了便没话说。索性残了，沁香拂散，同夜里炉火都能成了一种温存的凄清。\r\n　　记起了，也就是说到梅花，玉兰。初是有个朋友说起初恋时玉兰刚开完，天气每天的暖，住在湖旁，每夜跑到湖边林子里走路，又静坐幽僻石上看隔岸灯火，感到好像仅有如此虔诚的孤对一片泓碧寒星远市，才能把心里情绪抓紧了，放在最可靠最纯净的一撮思想里，始不至亵渎了或是惊着那“寤寐思服”的人儿。那是极年轻的男子初恋的情景，——对象渺茫高远，反而近求“自我的”郁结深浅——他问起少女的情绪。\r\n　　就在这里，忽记起梅花。一枝两枝，老枝细枝，横着，虬着，描着影子，喷着细香;太阳淡淡金色地铺在地板上:四壁琳琅，书架上的书和书签都像在发出言语;墙上小对联记不得是谁的集句;中条是东坡的诗。你敛住气，简直不敢喘息，巅起脚，细小的身形嵌在书房中间，看残照当窗，花影摇曳，你像失落了什么，有点迷惘。又像“怪东风着意相寻”，有点儿没主意!浪漫，极端的浪漫。“飞花满地谁为扫?”你问，情绪风似地吹动，卷过，停留在惜花上面。再回头看看，花依旧嫣然不语。“如此娉婷，谁人解看花意，”你更沉默，几乎热情地感到花的寂寞，开始怜花，把同情统统诗意地交给了花心!\r\n　　这不是初恋，是未恋，正自觉“解看花意”的时代。情绪的不同，不止是男子和女子有分别，东方和西方也甚有差异。情绪即使根本相同，情绪的象征，情绪所寄托，所栖止的事物却常常不同。水和星子同西方情绪的联系，早就成了习惯。一颗星子在蓝天里闪，一流冷涧倾泄一片幽愁的平静，便激起他们诗情的波涌，心里甜蜜地，热情地便唱着由那些鹅羽的笔锋散下来的“她的眼如同星子在暮天里闪”，或是“明丽如同单独的那颗星，照着晚来的天”，或“多少次了，在一流碧水旁边，忧愁倚下她低垂的脸”。惜花，解花太东方，亲昵自然，含着人性的细致是东方传统的情绪。\r\n　　此外年龄还有尺寸，一样是愁，却跃跃似喜，十六岁时的，微风零乱，不颓废，不空虚，巅着理想的脚充满希望，东方和西方却一样。人老了脉脉烟雨，愁吟或牢骚多折损诗的活泼。大家如香山，稼轩，东坡，放翁的白发华发，很少不梗在诗里，至少是令人不快。话说远了，刚说是惜花，东方老少都免不了这嗜好，这倒不论老的雪鬓曳杖，深闺里也就攒眉千度。\r\n　　最叫人惜的花是海棠一类的“春红”，那样娇嫩明艳，开过了残红满地，太招惹同情和伤感。但在西方即使也有我们同样的花，也还缺乏我们的廊庑庭院。有了“庭院深深深几许”才有一种庭院里特有的情绪。如果李易安的“斜风细雨”底下不是“重门须闭”也就不“萧条”得那样深沉可爱;李后主的“终日谁来”也一样的别有寂寞滋味。看花更须庭院，常常琐在里面认识，不时还得有轩窗栏杆，给你一点凭藉，虽然也用不着十二栏杆倚遍，那么慵弱无聊。\r\n　　当然旧诗里伤愁太多:一首诗竟像一张美的证券，可以照着市价去兑现!所以庭花，乱红，黄昏，寂寞太滥，时常失却诚实。西洋诗，恋爱总站在前头，或是“忘掉”，或是“记起”，月是为爱，花也是为爱，只使全是真情，也未尝不太腻味。就以两边好的来讲，拿他们的月光同我们的月色比，似乎是月色滋味深长得多。花更不用说了;我们的花“不是预备采下缀成花球，或花冠献给恋人的”，却是一树一树绰约的，个性的，自己立在情人的地位上接受恋歌的。\r\n　　所以未恋时的对象最自然的是花，不是因为花而起的感慨，——十六岁时无所谓感慨，——仅是刚说过的自觉解花的情绪。寄托在那清丽无语的上边，你心折它绝韵孤高，你为花动了感情，实说你同花恋爱，也未尝不可，——那惊讶狂喜也不减于初恋。还有那凝望，那沉思……\r\n　　一根蛛丝!记忆也同一根蛛丝，搭在梅花上就由梅花枝上牵引出去，虽未织成密网，这诗意的前后，也就是相隔十几年的情绪的联络。\r\n　　午后的阳光仍然斜照，庭院阒然，离离疏影，房里窗棂和梅花依然伴和成为图案，两根蛛丝在冬天还可以算为奇迹，你望着它看，真有点像银，也有点像玻璃，偏偏那么斜挂在梅花的枝梢上。', 1, 1);
INSERT INTO `Articles` VALUES (8, '桃花心木', '林清玄', '5', 1, '《桃花心木》是当代散文家林清玄创作的一篇散文。此文从描写桃花心木的形状写起，写到桃花心木树苗和种树人，再写作者观察种树人种树的现象，最后写作者与种树人的谈论。引出了“不只是树，人也是一样，在不确定中生活的人，能比较经得起生活的考验，会锻炼出一颗独立自主的心”的道理，点明了文章的主旨。全文语言亲切自然，文笔恬淡清新，娓娓道来，由事入理，融理于事，水到渠成，顺理成章，意味无穷。', '2019-03-07', 1990, 1, '乡下老家屋旁，有一块非常大的空地，租给人家种桃花心木的树苗。\r\n桃花心木是一种特别的树，树形优美，高大而笔直，从前老家林场种了许多，已长成几丈高的一片树林。所以当我看到桃花心木仅及膝盖的树苗，有点儿难以相信自己的眼睛。\r\n种桃花心木苗的是一个个子很高的人，他弯腰种树的时候，感觉就像插秧一样。\r\n树苗种下以后，他常来浇水。奇怪的是，他来得并没有规律，有时隔三天，有时隔五天，有时十几天才来一次；浇水的量也不一定，有时浇得多，有时浇得少。\r\n我住在乡下时，天天都会在桃花心木苗旁的小路上散步，种树苗的人偶尔会来家里喝茶。他有时早上来，有时下午来，时间也不一定。\r\n我越来越感到奇怪。\r\n更奇怪的是，桃花心木苗有时莫名其妙地枯萎了。所以， 他来的时候总会带几株树苗来补种。\r\n我起先以为他太懒，有时隔那么久才给树浇水。\r\n但是，懒人怎么知道有几棵树会枯萎呢？\r\n后来我以为他太忙，才会做什么事都不按规律。但是，忙人怎么可能做事那么从从容容？\r\n我忍不住问他：到底应该什么时间来？多久浇一次水？桃花心木为什么无缘无故会枯萎？如果你每天来浇水，桃花心木苗应该不会枯萎吧？\r\n种树的人笑了，他说：“种树不是种菜或种稻子，种树是百年的基业，不像青菜几个星期就可以收成。所以，树木自己要学会在土里找水源。我浇水只是模仿老天下雨，老天下雨是算不准的，它几天下一次？上午或下午？一次下多少？如果无法在这种不确定中汲水生长，树苗自然就枯萎了。但是，在不确定中找到水源、拼命扎根的树，长成百年的大树就不成问题了。”\r\n种树人语重心长地说：“如果我每天都来浇水，每天定时浇一定的量，树苗就会养成依赖的心，根就会浮在地表上，无法深入地下，一旦我停止浇水，树苗会枯萎得更多。幸而存活的树苗，遇到狂风暴雨，也会一吹就倒。”\r\n种树人的一番话，使我非常感动。不只是树，人也是一样，在不确定中生活的人，能比较经得起生活的考验，会锻炼出一颗独立自主的心。在不确定中，就能学会把很少的养分转化为巨大的能量，努力生长。\r\n现在，窗前的桃花心木苗已经长得与屋顶一般高，是那么优雅自在，显示出勃勃生机。\r\n种树的人不再来了，桃花心木也不会枯萎了。', 1, 1);
INSERT INTO `Articles` VALUES (9, '过火', '林清玄', '5', 0, '《过火》，是林清玄所著的一篇中篇散文，被收录在《林清玄散文自选集（少年版）》。它讲述了一个发生在林清玄小时的一个真实的故事，读起来令人感慨至深。', '2019-03-07', 1960, 0, '是冬天刚刚走过，春风蹑足敲门的时节，天气像是晨荷巨大叶片上浑圆的露珠，晶莹而明亮，台风草和野姜花一路上微笑着向我们招呼。\r\n妈妈一早就把我唤醒了，我们要去赶一场盛会，在这次妈祖生日盛会里有一场过火的盛典，早在几天前我们就开始斋戒沐浴，妈妈常两手抚着我瘦弱的肩膀，幽幽地对爸爸说：“妈祖生时要带他去过火。”\r\n“火是一定要过的。”爸爸坚决地说，他把锄头靠在门侧，挂起了斗笠，长长叹一口气，然后我们没有再说什么话，就围聚起来吃着简单的晚餐。\r\n从小，我就是个瘦小而忧郁的孩子，每天爬山涉水并没有使我的身体勇健，父母亲长期垦荒拓土的恒毅忍艰也丝毫没有遗传给我。\r\n爸爸曾经为我做过种种努力，他一度希望我成为好猎人，每天叫我背着水壶跟他去打猎，我却常在见到山猪和野猴时吓得大哭失声，使得爸爸几度失去他的猎物，然后就撑着双管猎枪紧紧搂抱着我，他的泪水濡湿我的肩胛，喃喃地说：“怎么会这样，怎么会生出这样的孩子……”\r\n他又寄望我成为一个农夫，常携我到山里工作，我总是在烈日烧烤下昏倒在正需要开垦的田地里，也时常被草丛中窜出的毒蛇吓得屁滚尿流，爸爸不得不放下锄头跑过来照顾我。醒来的那一刻我总是听到爸爸长长而悲伤的叹息。\r\n我也天天暗下决心要做一个男子汉，慢慢地，我变得硬朗了，爸妈也露出欣慰的笑容，可是他们的努力和我的努力一起崩溃了，在我孪生的弟弟七岁那年死的时候。眼见到和自己一模一样的弟弟死去，我竟也像死去一半了，失去了生存的勇气，我变成一个失魄的孩子，每天眉头深结，形销骨立，所有的医生都看尽了，所有的补药都吃尽了，换来的仍是叹息和眼泪。\r\n然后爸爸妈妈想到神明。想到神明好像一切希望都来了。\r\n神明也没有医好我，他们又祈求十年一次的大过火仪式，可以让他们命在旦夕的儿子找到一闪生命的火光。 我强烈地惦怀弟弟，他清俊的脸容常在暗夜的油灯中清晰出来，他的脸是刀凿般深刻，连唇都有血一样的色泽。我们曾脐带相连地度过许多快乐和凄苦的岁月，我念着他，不仅因为他是我的兄弟，而是我们生命血肉的最根源处紧紧纠结。\r\n弟弟的样貌和我一模一样，个性却不同，弟弟强韧、坚毅而果决，我是忧郁、畏缩而软弱，如果说爸爸妈妈是一间使我们温暖的屋宇，弟弟和我便是攀爬而上的两种植物，弟弟是充满霸气的万年青，我则是脆弱易折的牵牛，两者虽然交缠分不出面目，又是截然不同，万年青永远盎然充满炽盛的绿意，牵牛则常开满忧郁的小花。\r\n刚上一年级，弟弟在上学的长途中常常负我涉水过河，当他在急湍的河水中苦涉时，我只能仰头看白云缓缓掠过。放学回家，我们要养鸡鸭，还要去割牧草，弟弟总是抢着做工，把割来的牧草与我对分，免得回家受到爸妈责备的目光。\r\n弟弟也常为我的懦弱吃惊，每次他在学校里打架输了，总要咬牙恨恨地望我。有一回，他和班上的同学打架，我只能缩在墙角怔怔地看着，最后弟弟打输了，坐跌在地上，嘴角淌着细细的血丝，无限哀怨地凝睇着他无用的哥哥。\r\n我撑着去找他，弟弟一把推开我，狂奔出教室。\r\n那时已是秋深了，相思树的叶子黄了，灰白的野芒草在秋风中杂乱地飞舞，弟弟拼命奔跑，像一只中枪惊惶而狂怒的白鼻心，要藉着狂跑吐尽心中的最后一口气。\r\n“宏弟，宏弟。”\r\n我嘶开喉咙叫喊。弟弟一口气奔到黑肚大溪，终于力尽了颓坐下来，缓缓地躺卧在溪旁，我的心凹凸如溪畔团团围住弟弟的乱石。\r\n风，吹得很急。\r\n等我气喘吁吁赶到，看见弟弟脸上已爬满了泪水，一张脸湿糊糊的，嘴边还凝结着褐暗色的血丝，脸上的肌肉紧紧地抽着，像是我们农田里用久了的帮浦。\r\n我坐着，弟弟躺卧着，夕阳斜着，把我们的影子投照在急速流去的溪中。\r\n弟弟轻轻抽泣很久，抬头望着天云万叠的天空，低哑着声音问：\r\n“哥，如果我快被打死了，你会不会帮助我？”\r\n之后，我们便紧紧相拥放声痛哭，哭得天都黄昏了，听见溪水潺潺，才一言不发走回家。\r\n那是我和弟弟最后的一个秋天，第二年他便走了。\r\n爸爸牵我左手，妈妈执我右手，在金光万道的晨曦中，我们终于出发了。一路上远山巅顶的云彩千变万化，我们对着阳光的方向走去，爸爸雄伟的体躯和妈妈细碎的步子伴随着我。\r\n从山上到市镇要走两小时的山路，要翻过一座山涉过几条溪水，因为天早，一路上雀鸟都被我们的步声惊飞，偶而还能看见刺竹林里松鼠忙碌地跳跃，我们没有说什么话，只是无声默默前行，一直走到黑肚大溪，爸爸背负我涉过水的对岸，突然站定，回头怅望迅即流去的溪水，隔了一会儿说：\r\n“弟弟已经死了，不要再想他。” “爸爸今天带你去过火，就像刚刚我们走水过来一样，你只要走过火堆，一切都会好转。”\r\n爸爸看到我茫然的眼神，勉强微笑说：\r\n“只不过是一个小小的火堆罢了。”\r\n我们又开始赶路，我侧脸望着母亲手挽花布包袱的样子，她的眼睛里一片绿，映照出我们十几年垦拓出来的大地，两个眼睛水盈盈的。\r\n我走得慢极了，心里只惦想着家里养的两只蓝雀仔，爸爸索性把我负在背上，愈走愈快，甚至把妈妈丢在远远的后头了。\r\n穿过相思树林的时候，我看到远方小路尽头处有一片花花的阳光。\r\n一个火堆突然莫名地闪过我的脑际。\r\n抵达小镇的时候，广场上已经聚集了黑压压的人头，这是小镇十年一次的做醮，腾沸的人声与笑语嗡嗡地响动。我从架满肥猪的长列里走过，猪头张满了蹦起的线条，猪口里含着鲜新金橙色的橘子，被剖开肚子的猪仔们竟微笑着一般，怔怔地望着溢满欣喜的人群。\r\n广场的左侧被清出一块光洁的空地，人们已经围聚在一起，看着空地上正猛烈燃烧的薪材，爸爸告诉我那些木材至少有四千斤，火舌高扬冲上了湛蓝的天空，在毕毕剥剥的材裂声中我仿佛听见人们心里狂热的呼喊，人人的脸蛋都烘成了暖滋滋的新红色。两个穿着整齐衣着的人手拿丈长的竹竿正挑着火堆，挑一下，飞扬起一阵烟灰，火舌马上又追了上来。\r\n一股刚猛的热气扑到我脸上，像要把我吞噬了。妈妈拉我到怀中，说:“不要太靠近，会烫到。”正在这时，广场对角的戏台咚咚呛呛地响起了锣鼓，扮仙开始，好戏就要开锣了。\r\n咚咚呛呛，咚咚呛，柴火慢慢小了，剩下来的是一堆红通通的火炭，裂成大大小小一块块，堆成一座火热的炭山。我想起爸爸要我走火堆，看热闹的心情好像一下子被水浇灭了。 “司公来了！司公来了！”人群里响起一阵呼喊，壅塞的人群眼睛全望向相同的方向，一个身穿黑色道袍头戴黑色道帽的人走来，深浓的黑袍上罩着一件猩红色的绸缎披肩，黑帽上还有一枚鲜红色的帽粒。 人群让开一条路，那个又高又瘦的红头道士踏着八卦步一摇一摆地走进来，脸上像一张毫无表情的画像。人们安静下来了。 我却为这霎时的静默与远处噪闹的锣鼓而微微的颤抖。 红头道士做法事的另一边，一个赤裸上身的人正颤颤地发抖，颤动的狂热使人群的焦点又注视着他，爸爸牵我依过去，他说那是神的化身，叫做童乩。 童乩吐着哇哇不清的语句，他的身侧有一个金炉和一张桌子，桌上有笔墨和金纸。他摇得太快，使我的眼睛花乱了，他提起笔在金纸上乱画一遍，有圈、有钩、有直，我看不出那是什么。 爸爸领了一张，装在我的口袋里，说可以保佑我过火平安，平安装在我的口袋里便可以安心去过火了。 呜──，呜──，呜！呜！ 远远望去，红头道士正在木炭堆边念咒语，烟雾使他成为一个诡异的立体，他左手持着牛角号，吹出了低沈而令人惊撼的声音。右手的一条蛇头软鞭用力抽打在地上，发出“啪啪”的响声，鞭声夹着号角声，人人都被震慑住了。 爸爸说，那是用来驱赶邪鬼的。 后来，道士又拿来一个装了清水的碗和盛满盐巴的篮子，他含了一口水，“噗”一声喷在炭上，嗤──，一阵水烟蒸腾起来，他口中喃喃，然后把一篮盐巴遍洒在火堆上。 三乘小轿在火堆旁绕圈子，有人拿长竹竿把火堆铺成一丈长四尺宽的火毡，几个精壮的汉子用力拨开人群，口里高呼着：“请闪开，过火就要开始了。” 三乘小轿越转越快，转得像飞轮一样。 妈妈紧紧抱我在怀中。 三乘小轿的轿夫齐声呼喝，便顺序跃上火毡，“嗤”一声，我的心一阵紧缩，他们跨着大步很快地从火毡上跑过去，着地的那一刻，所有人都从梦般的静默里惊呼起来，一些好事的人跑过去看他们的脚，这时，轿夫笑了。 “火神来过了，火神来过了。”许多人忍不住狂呼跳叫。 红头道士依然在火堆旁念着神秘的不可知的像响自远天深处的咒语。 过火的乡人们都穿着一式的汗衫短裤，露出黧黑而多毛的腿，一排排的腿竟像冒着白烟，蒸腾着生命的热气。 那些腿都是落过田水的，都是在炙毒的阳光和阴诈的血蛭中慢慢长成，生活的熬炼就如火炭一直铸着他们──他们那样的兴奋，竟有一点去赶市集一样，人人面对炭火总是有些惊惶，可是老天有眼，他们相信这一双肉腿是可以过火的。 十二月天，冷酸酸的田水，和春天火炙炙的炭火并没有不同，一个是生活的历炼，一个是生命的经验，都只不过是农人与天运搏斗的一个节目。 轿子，一乘乘地采取同样的步姿，夸耀似地走过火堆。 爸爸妈妈紧紧牵着我，每当“嗤”的声音响起，我的心就像被铁爪抓紧一般，不能动弹。 司锣的人一阵紧过一阵地敲响锣鼓。 轿夫一次又一次将他们赤裸的脚踝埋入红艳艳的火毡中。 随着锣鼓与脚踝的乱蹦乱跳，我的心也变得仓惶异常，想到自己要迈入火堆，像是陷进一个恐怖的海上恶梦，抓不到一块可以依归的浮木。 一张张红得诡谲的玄妙的脸闪到我的眼睫来。 我抓紧爸妈微微渗汗的手，思及弟弟在天地的风景中永远消失的一幕，他的脸像被火烤焦紫红色，头一偏，便魔呓也似地去了，床侧焚烧的冥纸耀动鬼影般的火光。 在火光的交叠中，我看到领过符的乡民一一迈步跨入火堆。 有的步履沉重，有的矫捷，还有仓惶跑过的。 我看到一位老人背负着婴儿走进火堆，他青筋突起的腿脚毫不迟疑地理进火中，使我想起顶上红绿交揉的庄严画像。爸爸告诉我，那是他重病的小儿子，神明用火来医治他。\r\n咚咚呛呛，咚咚呛。\r\n远处的戏锣和近处的锣鼓声竟交缠不清了。\r\n“阿玄，轮到你了。”妈妈用很细的声音说。\r\n“我──，我怕。”\r\n“不要怕，火神来过了，不要怕。”\r\n爸妈推着我就要往火堆上送。 我抬头望望他们，央求地说:“爸，妈，你们和我一起走。”\r\n“不行。只有你领了符。”爸爸正色道。\r\n锣声响着。\r\n火光在我眼前和心头交错。\r\n爸妈由不得我，便把我架走到火堆的起点。\r\n“我不要，我不要──”我大声嚎哭起来。 “走，走！”爸爸吼叫着。\r\n我不要──\r\n妈──\r\n我跪了下来，紧紧抱住妈妈的腿，泪水使我什么都看不见了。\r\n“没出息。我怎么会生出这种儿子，给我现世，今天你不走，我就把你打死在火堆上。”爸爸的声音像夏天午后的西北雨雷，嗡嗡响动，我抬头看，他脸上爬满泪水，重重把我摔在地上，跑去抢起道坛上的蛇头软鞭，“啪”一声抽在我身旁的地上，溅起一阵泥灰。\r\n“我打死你！我打死你！林姓的祖先做了什么孽，生出这样的孩子，我打死你。让你去和那个讨债的儿子做堆！”我从来没有看过爸爸暴怒的面容，他的肌肉纠结着，头发扬散如一头巨狮。\r\n“你疯了。”妈妈抢过去拦他，声音凄厉而哀伤。\r\n红头道士、轿夫们、人群都拥过来抓住爸爸正要飞来的鞭子。\r\n锣也停了。\r\n爸爸被四个人牢牢抓住，他不说话，虎目如电穿刺我的全身。\r\n四周是可怕的静寂。 我突然看见弟弟的脸在血红的火堆中燃烧，想起爸爸撑着猎枪掉泪的面影和他辛苦荷锄的身姿，我猛地站起，对爸爸大声说：“我走，我走给你看，今天如果我不敢走这火堆，就不是你的囝仔。”\r\n锣声缓缓响起。\r\n几千只目光如炬注视。\r\n我走上了火堆。\r\n第一步跨上去，一道强烈的热流从我脚底窜进，贯穿了我的全身，我的汗水和泪水全滴在火上，一声嗤，一阵烟。\r\n我什么都看不见，仿佛陷进一个神秘的围城，只听到远天深处传来弟弟轻声的耳语：“走呀！走呀！”那是一段很短的路，而我竟完全不知它的距离，不知它的尽处，相思林尽头的阳光亮起，脚下的火也浑然或忘了。\r\n踩到地的那一刻，土地的冰凉使我大吃一惊，唬——一声，全场的人都欢呼起来，爸爸妈妈早已等在这头，两个人抢抱着我，终于号啕地哭成一堆。打锣的人戏剧性地欢愉地敲着急速的锣鼓。\r\n爸爸疯也似地紧抱我，像要勒断我的脊骨。\r\n那一天，那过火的一天，我们快乐地流泪走回家。 到黑肚大溪，爸爸叫我独自涉水。\r\n猛然间，我感到自己长大了。\r\n童年过火的记忆像烙印一般影响了我整个生命的途程，日后我遇到人生的许多事都像过火一样，在启步之初，我们永远不知道能否安全抵达火毡的那一端，我们当然不敢相信有火神，我们会害怕、会无所适从、会畏惧受伤，但是人生的人一定要过、情感的火要过、欢乐与悲伤的火要过、沉定与激情的火要过、成功与失败的火要过。\r\n我们不能退缩，因为我们要单独去过火，即使亲如父母，也有无能为力的时候。', 1, 1);
INSERT INTO `Articles` VALUES (10, '回忆鲁迅先生', '萧红', '6', 0, '《回忆鲁迅先生》是一本描写鲁迅先生生平的书。作者萧红（1911年6月1日─1942年1月22日），中国现代著名女作家。本书主要对鲁迅先生的生活进行了记述。通过在生活中对鲁迅先生的观察，表现了鲁迅先生的个性、情趣、魅力、气质，体现了鲁迅先生的随和豁达的性格和对亲友的深情厚谊。', '2019-03-07', 1930, 1, '鲁迅先生的笑声是明朗的，是从心里的欢喜。若有人说了什么可笑的话，鲁迅先生笑得连烟卷都拿不住了，常常是笑得咳嗽起来。\r\n鲁迅先生走路很轻捷，尤其使人记得清楚的，是他刚抓起帽子来往头上一扣，同时左腿就伸出去了，仿佛不顾一切的走去。\r\n鲁迅先生不大注意人的衣裳，他说：“谁穿什么衣裳我看不见的……”\r\n鲁迅先生生病，刚好了一点，窗子开着，他坐在躺椅上，抽着烟，那天我穿着新奇的火红的上衣，很宽的袖子。\r\n鲁迅先生说：“这天气闷热起来，这就是梅雨天。”他把他装在象牙烟嘴上的香烟，又用手装得紧一点，往下又说了别的。\r\n许先生忙着家务跑来跑去，也没有对我的衣裳加以鉴赏。\r\n以后也住到北四川路来，就每夜饭后必到大陆新村来了，刮风的天，下雨的天，几乎没有间断的时候。\r\n青年人写信，写得太草率，鲁迅先生是深恶痛绝之的。\r\n“字不一定要写得好，但必须得使人一看了就认识，青年人现在都太忙了……他自己赶快胡乱写完了事，别人看了三遍五遍看不明白，这费了多少工夫，他不管。反正这费的工夫不是他的。这存心是不太好的。”\r\n但他还是展读着每封由不同角落里投来的青年的信，眼睛不济时，便戴起眼镜来看，常常看到夜里很深的时光。\r\n鲁迅先生的记忆力非常之强，他的东西从不随便散置在任何地方。\r\n正说着那矮胖胖的保姆走下楼梯来了，和我们打了个迎面。\r\n鲁迅先生出书的校样，都用来揩桌子，或做什么的。请客人在家里吃饭，吃到半道，鲁迅先生回身去拿来校样给大家分着，客人接到手里一看，这怎么可以?鲁迅先生说：\r\n“擦一擦，拿着鸡吃，手是腻的。”\r\n到洗澡间去，那边也摆着校样纸。\r\n许先生从早晨忙到晚上，在楼下陪客人，一边还手里打着毛线。不然就是一边谈着话一边站起来用手摘掉花盆里花上已干枯了的叶子。许先生每送一个客人，都要送到楼下的门口，替客人把门开开，客人走出去而后轻轻地关了门再上楼来。\r\n来了客人还要到街上去买鱼或鸡，买回来还要到厨房里去工作。\r\n鲁迅先生临时要寄一封信，就得许先生换起皮鞋子来到邮局或者大陆新村旁边的信筒那里去。落着雨的天，许先生就打起伞来。\r\n许先生是忙的，许先生的笑是愉快的，但是头发有些是白了的。\r\n夜里去看电影，施高塔路的汽车房只有一辆车，鲁迅先生一定不坐，一定让我们坐。许先生，周建人夫人……海婴，周建人先生的三位女公子。我们上车了。\r\n鲁迅先生和周建人先生，还有别的一二位朋友在后边。\r\n看完了电影出来，又只叫到一部汽车，鲁迅先生又一定不肯坐，让周建人先生的全家坐着先走了。\r\n鲁迅先生的背影是灰黑色的，仍旧坐在那里。\r\n海婴从三楼下来，背着书包，保姆送他到学校去，经过鲁迅先生的门前，保姆总是吩咐他说：\r\n“轻一点走，轻一点走。”\r\n鲁迅先生刚一睡下，太阳就高起来了。太阳照着隔院子的人家，明亮亮的；照着鲁迅先生花园的夹竹桃，明亮亮的。\r\n一双拖鞋停在床下，鲁迅先生在枕头边睡着了。\r\n鲁迅先生有点踌躇了，到底向前走呢?还是回过头来走?本来回学堂不止这一条路，这不过是最近的一条就是了。\r\n鲁迅先生仍是向前走，到底要看一看鬼是什么样，虽然那时候也怕了。\r\n鲁迅先生就用了他的硬皮鞋踢出去。\r\n那白影噢的一声叫出来，随着就站起来，鲁迅先生定眼看去，他却是个人。\r\n鲁迅先生说在他踢的时候，他是很害怕的，好像若一下不把那东西踢死，自己反而会遭殃的，所以用了全力踢出去。\r\n原来是个盗墓子的人在坟场上半夜做着工作。\r\n鲁迅先生说到这里就笑了起来。\r\n“鬼也是怕踢的，踢他一脚就立刻变成人了。”\r\n我想，倘若是鬼常常让鲁迅先生踢踢倒是好的，因为给了他一个做人的机会。\r\n从福建菜馆叫的菜，有一碗鱼做的丸子。\r\n海婴一吃就说不新鲜，许先生不信，别的人也都不信。因为那丸子有的新鲜，有的不新鲜，别人吃到嘴里的恰好都是没有改味的。\r\n“他说不新鲜，一定也有他的道理，不加以查看就抹杀是不对的。”\r\n……\r\n以后我想起这件事来，私下和许先生谈过，许先生说：“周先生的做人，真是我们学不了的。那怕一点点小事。”\r\n鲁迅先生包一个纸包也要包到整整齐齐，常常把要寄出的书，鲁迅先生从许先生手里拿过来自己包。许先生本来包得多么好，而鲁迅先生还要亲自动手。鲁迅先生的习惯与别人不同，写文章用的材料和来信都压在桌子上，把桌子都压得满满的，几乎只有写字的地方可以伸开手，其余桌子的一半被书或纸张占有着。\r\n鲁迅先生的文章，多半是在这台灯下写的。因为鲁迅先生的工作时间，多半是在下半夜一两点起，天将明了休息。\r\n卧室就是如此，墙上挂着海婴公子一个月婴孩的油画像。\r\n春天，海婴在花园里掘着泥沙，培植着各种玩艺。\r\n三楼则特别静了，向着太阳开着两扇玻璃门，门外有一个水门汀的突出的小廊子，春天很温暖地抚摸着门口长垂着的帘子，有时候帘子被风打得很高，飘扬的饱满得和大鱼泡似的，那时候隔院的绿树照进玻璃门扇里来了。\r\n海婴坐在地板上装着小工程师在修着一座楼房，他那楼房是用椅子横倒了架起来修的，而后遮起一张被单来算做屋瓦，全个房子在他自己拍着手的赞誉声中完成了。\r\n冬天烧过的火炉，三月里还冷冰冰地在地板上站着。\r\n海婴不大在三楼上玩的，除了到学校去，就是在院子里踏脚踏车，他非常喜欢跑跳，所以厨房，客厅，二楼，他是无处不跑的。\r\n三楼整天在高处空着，三楼的后楼住着另一个老女工，一天很少上楼来，所以楼梯擦过之后，一天到晚干净得溜明。\r\n1936年3月里鲁迅先生病了，靠在二楼的躺椅上，心脏跳动得比平日厉害，脸色略微灰了一点。\r\n许先生正相反的，脸色是红的，眼睛显得大了，讲话的声音是平静的，态度并没有比平日慌张。在楼下，一走进客厅来许先生就告诉说：\r\n“周先生病了，气喘……喘得厉害，在楼上靠在躺椅上。”\r\n“来了吗?”鲁迅先生睁一睁眼睛，“不小心，着了凉……呼吸困难……到藏书的房子去翻一翻书……那房子因为没有人住，特别凉……回来就……”\r\n许先生看周先生说话吃力，赶快接着说周先生是怎样气喘的。\r\n医生看过了，吃了药，但喘并未停，下午医生又来过，刚刚走。\r\n许先生轻轻地在楼梯上走着，许先生一到楼下去，二楼就只剩了鲁迅先生一个人坐在椅子上，呼喘把鲁迅先生的胸部有规律性地抬得高高的。\r\n鲁迅先生必得休息的，须藤老医生是这样说的。可是鲁迅先生从此不但没有休息，并且脑子里所想的更多了，要做的事情都像非立刻就做不可，校《海上述林》的校样，印珂勒惠支的画，翻译《死魂灵》下部；刚好了，这些就都一起开始了，还计算着出三十年集。\r\n鲁迅先生知道自己的健康不成了，工作的时间没有几年了，死了是不要紧的，只要留给人类更多，鲁迅先生就是这样。\r\n不久书桌上德文字典和日文字典又都摆起来了，果戈里的《死魂灵》又开始翻译了。\r\n鲁迅先生的身体不大好，容易伤风，伤风之后，照常要陪客人，回信，校稿子。所以伤风之后总要拖下去一个月或半个月的。\r\n“看吧，一边陪着你们谈话，一边看校样的，眼睛可以看，耳朵可以听……”\r\n有时客人来了，一边说着笑话，一边鲁迅先生放下了笔。有的时候也说：“就剩几个字了……请坐一坐……”\r\n1935年冬天许先生说：\r\n“周先生的身体不如从前了。”\r\n有一次鲁迅先生到饭馆里去请客，来的时候兴致很好，还记得那次吃了一只烤鸭子，整个的鸭子用大钢叉子叉上来时，大家看着这鸭子烤得又油又亮的，鲁迅先生也笑了。\r\n别人以为鲁迅先生也是喝多了酒吧!\r\n许先生说，并不是的。\r\n“周先生的身体是不如从前了，吃过了饭总要阖一阖眼稍微休息一下，从前一向没有这习惯。”\r\n周先生从椅子上站起来了，大概说他喝多了酒的话让他听到了。\r\n“我不多喝酒的，小的时候，母亲常提到父亲喝了酒，脾气怎样坏，母亲说，长大了不要喝酒，不要像父亲那样子……所以我不多喝的……从来没有喝醉过……”\r\n有人抢到手的还在保存着的苹果，奉献出来，鲁迅先生没有吃，只在吸烟。\r\n希望鲁迅先生多吃一口，多动一动筷，多喝一口鸡汤。鸡汤和牛奶是医生所嘱的，一定要多吃一些的。\r\n有一天许先生用着波浪式的专门切面包的刀切着一个面包，是在客厅后边方桌上切的，许先生一边切着一边对我说：\r\n“劝周先生多吃些东西，周先生说，人好了再保养，现在勉强吃也是没用的。”\r\n许先生接着似乎问着我：\r\n“这也是对的。”\r\n许先生由楼上回来还说呢：\r\n“周先生平常就不喜欢吃汤之类，在病里，更勉强不下了。”\r\n那已经送上去的一碗牛奶又带下来了。\r\n许先生似乎安慰着自己似的：\r\n“周先生人强，欢喜吃硬的，油炸的，就是吃饭也喜欢吃硬饭……”\r\n许先生楼上楼下地跑，呼吸有些不平静，坐在她旁边，似乎可以听到她心脏的跳动。\r\n鲁迅先生开始独桌吃饭以后，客人多半不上楼来了，经许先生婉言把鲁迅先生健康的经过报告了之后就走了。\r\n鲁迅先生在楼上一天一天地睡下去，睡了许多日子就有些寂寞了，有时大概热度低了点就问许先生：\r\n“有什么人来过吗?”\r\n看鲁迅先生精神好些，就一一地报告过。\r\n有时也问到有什么刊物来。\r\n鲁迅先生病了一个多月了。\r\n证明了鲁迅先生是肺病，并且是肋膜炎，须藤老医生每天来了，为鲁迅先生先把肋膜积水用打针的方法抽净，共抽过两三次。\r\n这样的病，为什么鲁迅先生自己一点不晓得呢，许先生说，周先生有时觉得肋痛了就自己忍着不说，所以连许先生也不知道，鲁迅先生怕别人晓得了又要不放心，又要看医生，医生一定又要说休息。鲁迅先生自己知道做不到的。\r\n福民医院美国医生的检查，说鲁迅先生肺病已经二十年了。这次发了怕是很严重。\r\n许先生告诉我的，她也不知道鲁迅先生为什么常常看这小画。\r\n鲁迅先生以为自己好了，别人也以为鲁迅先生好了。\r\n准备冬天要庆祝鲁迅先生工作三十年。\r\n又过了三个月。\r\n1936年10月17日，鲁迅先生病又发了，又是气喘。18日，终日喘着。\r\n十九日的下半夜，人衰弱到极点了。天将发白时，鲁迅先生就象他平日一样，工作\r\n　　完了，他休息了。', 1, 1);
INSERT INTO `Articles` VALUES (11, '爸爸的花儿落了', '林海音', '7', 0, '《爸爸的花儿落了》是林海音所写的一篇自传体小说，选自《城南旧事》里的最后一篇。 在该小说中，作者以参加小学毕业典礼的过程为主线，穿插了对往事的回忆，从中表现了父爱的伟大，抒发了对父亲的深切感激和怀念之情。全文哀而不伤，含而不露。', '2019-03-07', 1930, 0, '新建的大礼堂里，坐满了人；我们毕业生坐在前八排，我又是坐在最前一排的中间位子上。我的襟上有一朵粉红色的夹竹桃，是临来时妈妈从院子里摘下来给我别上的，她说：“夹竹桃是你爸爸种的，戴着它，就像爸爸看见你上台时一样!”\r\n爸爸的花儿落了爸爸病倒了，他住在医院里不能来。\r\n昨天我去看爸爸，他的喉咙肿胀着，声音是低哑的。我告诉爸爸，行毕业典礼的时候，我代表全体同学领毕业证书，并且致谢词。我问爸爸，能不能起来，参加我的毕业典礼。六年前他参加我们学校的那次欢送毕业同学同乐会时，曾经要我好好用功，六年后也代表同学领毕业证书和致谢词。今天，“六年后”到了，我真的被选做这件事。\r\n爸爸哑着嗓子，拉起我的手笑笑说：“我怎么能够去？” 　\r\n但是我说：“爸爸，你不去，我很害怕。你在台底下，我上台说话就不发慌了。”\r\n“英子，不要怕，无论什么困难的事，只要硬着头皮去做，就闯过去了。”\r\n“那么爸爸不也可以硬着头皮从床上起来到我们学校去吗?”\r\n爸爸看着我，摇摇头，不说话了。他把脸转向墙那边，举起他的手，看那上面的指甲。然后，他又转过脸来叮嘱我：\r\n“明天要早起，收拾好就到学校去，这是你在小学的最后一天了，可不能迟到!”\r\n“我知道，爸爸。”\r\n“没有爸爸，你更要自己管自己，并且管弟弟和妹妹，你已经大了，是不是?”\r\n“是。”我虽然这么答应了，但是觉得爸爸讲的话很使我不舒服，自从六年前的那一次，我何曾再迟到过?\r\n当我在一年级的时候，就有早晨赖在床上不起床的毛病。每天早晨醒来，看到阳光照到玻璃窗上了，我的心里就是一阵愁：已经这么晚了，等起来，洗脸， 扎辫子，换制服，再到学校去，准又是一进教室被罚站在门边。同学们的眼光，会一个个向你投过来，我虽然很懒惰，却也知道害羞呀!所以又愁又怕，每天都是怀 着恐惧的心情，奔向学校去。最糟的是爸爸不许小孩子上学乘车的，他不管你晚不晚。\r\n有一天，下大雨，我醒来就知道不早了，因为爸爸已经在吃早点。我听着，望着大雨，心里愁得了不得。我上学不但要晚了，而且要被妈妈打扮得穿上肥大的夹袄(是在夏天！），拖着不合脚的油鞋，举着一把大油纸伞，走向学校去!想到这么不舒服的上学，我竟有勇气赖在床上不起来了。\r\n过了一会，妈妈进来了。她看我还没有起床，吓了一跳，催促着我，但是我皱紧了眉头，低声向妈哀求说：\r\n“妈，今天晚了，我就不去上学了吧?”\r\n妈妈就是做不了爸爸的主意，当她转身出去，爸爸就进来了。他瘦瘦高高的，站在床前来，瞪着我：\r\n“怎么还不起来，快起!快起!”\r\n“晚了!爸!”我硬着头皮说。\r\n“晚了也得去，怎么可以逃学!起!”\r\n一个字的命令最可怕，但是我怎么啦?居然有勇气不挪窝。\r\n爸爸气极了，一把把我从床上拖起来，我的眼泪就流出来了。爸爸左看右看，结果从桌上抄起鸡毛掸子倒转来拿，藤鞭子在空中一抡，就发出咻咻的声音，我挨打了!\r\n爸爸把我从床头打到床角，从床上打到床下，外面的雨声混合着我的哭声。我哭号，躲避，最后还是冒着大雨上学去了。我是一只狼狈的小狗，被宋妈抱上了洋车——第一次花钱坐车去上学。\r\n我坐在放下雨篷的洋车里，一边抽抽搭搭地哭着，一边撩起裤脚来检查我的伤痕。那一条条鼓起来的鞭痕，是红的，而且发着热。我把裤脚向下拉了拉，遮盖住最下面的一条伤痕，我最怕被同学耻笑。\r\n虽然迟到了，但是老师并没有罚我站，这是因为下雨天可以原谅的缘故。\r\n老师叫我们先静默再读书。坐直身子，手背在身后，闭上眼睛，静静地想五分钟。老师说：想想看，你是不是听爸妈和老师的话昨天的功课有没有做好? 今天的功课全带来了吗?早晨跟爸妈有礼貌地告别了吗?……我听到这儿，鼻子抽搭了一下，幸好我的眼睛是闭着的，泪水不至于流出来。\r\n静默之中，我的肩头被拍了一下，急忙地睁开了眼，原来是老师站在我的位子边。他用眼势告诉我，叫我向教室的窗外看去，我猛一转过头，是爸爸那瘦高的影子!\r\n我刚安静下来的心又害怕起来了!爸爸为什么追到学校来?爸爸点头示意招我出去。我看看老师，征求他的同意，老师也微笑地点点头，表示答应我出去。\r\n我走出了教室，站在爸爸面前。爸爸没说什么，打开了手中的包袱，拿出来的是我的花夹袄。他递给我，看着我穿上，又拿出两个铜板来给我。\r\n后来怎么样了，我已经不记得，因为那是六年以前的事了。只记得，从那以后，到今天，每天早晨我都是等待着校工开大铁栅校门的学生之一。冬天的清晨 站在校门前，戴着露出五个手指头的那种手套，举了一块热乎乎的烤白薯在吃着。夏天的早晨站在校门前，手里举着从花池里摘下的玉簪花，送给亲爱的韩老师，是她教我跳舞的。\r\n啊!这样的早晨，一年年都过去了，今天是我最后一天在这学校里啦!\r\n当当当，钟声响了，毕业典礼就要开始。看外面的天，有点阴，我忽然想，爸爸会不会忽然从床上起来，给我送来花夹袄?我又想，爸爸的病几时才能好? 妈妈今早的眼睛为什么红肿着?院里大盆的石榴和夹竹桃今年爸爸都没有给上麻渣，他为了叔叔给日本人害死，急得吐血了，到了五月节，石榴花没有开得那么红， 那么大。如果秋天来了，爸还要买那样多的菊花，摆满在我们的院子里、廊檐下、客厅的花架上吗?\r\n爸爸是多么喜欢花。\r\n每天他下班回来，我们在门口等他，他把草帽推到头后面抱起弟弟，经过自来水龙头，拿起灌满了水的喷水壶，唱着歌儿走到后院来。他回家来的第一件事 就是浇花。那时太阳快要下去了，院子里吹着凉爽的风，爸爸摘一朵茉莉插到瘦鸡妹妹的头发上。陈家的伯伯对爸爸说：“老林，你这样喜欢花，所以你太太生了一 堆女儿!”我有四个妹妹，只有两个弟弟。我才12岁……\r\n我为什么总想到这些呢?韩主任已经上台了。他很正经地说：“各位同学都毕业了，就要离开上了六年的小学到中学去读书，做了中学生就不是小孩子了，当你们回到小学来看老师的时候，我一定高兴看你们都长高了，长大了……”\r\n于是我唱了五年的骊歌，现在轮到同学们唱给我们送别：“长亭外，古道边，芳草碧连天。问君此去几时来，来时莫徘徊!天之涯，地之角，知交半零落，人生难得是欢聚，惟有别离多……”\r\n我哭了，我们毕业生都哭了。我们是多么喜欢长高了变成大人，我们又是多么怕呢!当我们回到小学来的时候，无论长得多么高，多么大，老师!你们要永远拿我当个孩子呀!\r\n做大人，常常有人要我做大人。\r\n宋妈临回她的老家的时候说：\r\n“英子，你大了，可不能跟弟弟再吵嘴!他还小。”\r\n兰姨娘跟着那个四眼狗上马车的时候说：\r\n“英子，你大了，可不能招你妈妈生气了!”\r\n蹲在草地里的那个人说：\r\n“等到你小学毕业了，长大了，我们看海去。”\r\n虽然，这些人都随着我的长大没有了影子了。是跟着我失去的童年一起失去了吗?\r\n爸爸也不拿我当孩子了，他说：\r\n“英子，去把这些钱寄给在日本读书的陈叔叔。”\r\n“爸爸!”\r\n“不要怕，英子，你要学做许多事，将来好帮着你妈妈。你最大。”\r\n于是他数了钱，告诉我怎样到东交民巷的正金银行去寄这笔钱——到最里面的台子上去要一张寄款单，填上“金柒拾元整”，写上日本横滨的地址，交给柜台里的小日本儿!\r\n我虽然很害怕，但是也得硬着头皮去——这是爸爸说的，无论什么困难的事，只要硬着头皮去做，就闯过去了。\r\n“闯练，闯练，英子。”我临去时爸爸还这样叮嘱我。\r\n我心情紧张地手里捏紧一卷钞票到银行去。等到从最高台阶的正金银行出来，看着东交民巷街道中的花圃种满了蒲公英，我很高兴地想：闯过来了，快回家去，告诉爸爸，并且要他明天在花池里也种满了蒲公英。\r\n快回家去!快回家去!拿着刚发下来的小学毕业文凭——红丝带子系着的白纸筒，催着自己，我好像怕赶不上什么事情似的，为什么呀?\r\n进了家门来，静悄悄的，四个妹妹和两个弟弟都坐在院子里的小板凳上，他们在玩沙土，旁边的夹竹桃不知什么时候垂下了好几枝子，散散落落的很不像样，是因为爸爸今年没有收拾它们——修剪、捆扎和施肥。\r\n石榴树大盆底下也有几粒没有长成的小石榴，我很生气，问妹妹们：\r\n“是谁把爸爸的石榴摘下来的?我要告诉爸爸去!”\r\n妹妹们惊奇地睁大了眼，她们摇摇头说：“是它们自己掉下来的。”\r\n我捡起小青石榴。缺了一根手指头的厨子老高从外面进来了，他说：\r\n大小姐，别说什么告诉你爸爸了，你妈妈刚从医院来了电话，叫你赶快去，你爸爸已经……”\r\n他为什么不说下去了?我忽然觉得着急起来，大声喊着说：\r\n“你说什么?老高。”\r\n“大小姐，到了医院，好好儿劝劝你妈，这里就数你大了!就数你大了!”\r\n瘦鸡妹妹还在抢燕燕的小玩意儿，弟弟把沙土灌进玻璃瓶里。是的，这里就数我大了，我是小小的大人。\r\n我对老高说：\r\n“老高，我知道是什么事了，我就去医院。”我从来没有过这样的镇定，这样的安静。\r\n我把小学毕业文凭放到书桌的抽屉里，再出来，老高已经替我雇好了到医院的车子。走过院子，看那垂落的夹竹桃，我默念着：\r\n爸爸的花儿落了。\r\n我已不再是小孩子。', 1, 1);
INSERT INTO `Articles` VALUES (12, '中文', '郭省吾', 'ob_jW5QBwNsGQY_cTWQKIzApMqfo', 0, '我是测试用文章1', '2019-03-15', 1960, 2, '你好', 0, 1);
INSERT INTO `Articles` VALUES (13, '测试用文章1', '郭省吾', 'ob_jW5QBwNsGQY_cTWQKIzApMqfo', 0, '我是测试用文章1', '2019-03-15', 19000, 0, '本篇文章用来测试info页面是否能够正确显示作者文章列表，以及在没有文章时显示“暂无文章”', 1, 1);
INSERT INTO `Articles` VALUES (14, '投稿页面测试1', '焦子航', 'ob_jW5dODRX-mKlxRz2J9ZKGAAwo', 0, '这是投稿页面测试1', '2019-07-28', 19000, 0, '这是投稿页面测试1', 0, 1);
INSERT INTO `Articles` VALUES (15, '测试用文章3dddddddddddddddd', '胡一涵', 'ob_jW5YIjZhZRj5582okSiDBU3a4', 0, '我是测试用文章', '2019-07-29', 19000, 0, '测试测试dddddddddddddddddddddddddddggggggggggggggggggggggggggggggggggggggggggggggggggggggggggggggggggggggggggggggggggggggggggggggggggggggggggggggggggggggggggggggggggggggggggggggggggggggggggggggggggggggggggggggggggggggggggggggggggggggggggggggggggggggggggggggggggggggggggggggggggggggggggggggggggggggggggggggggggggggggggggggggggggggggggggggggggggggggggggggggggggggggggggggggggggggg', 0, 0);
INSERT INTO `Articles` VALUES (16, '习近平叮嘱这件事：决不能有停一停歇一歇的想法', '胡一涵', 'ob_jW5YIjZhZRj5582okSiDBU3a4', 0, '近日，中共中央纪委机关、中共中央组织部、中央“不忘初心、牢记使命”主题教育领导小组印发《关于第一批主题教育单位开好“不忘初心、牢记使命”专题民主生活会的通知》，要求各地区各部门各单位开好“不忘初心、牢记使命”专题民主生活会。', '2019-08-14', 20100, 5, '自成立以来，我们党不断地进行自我革命，今天我们开展“不忘初心、牢记使命”主题教育，就是新的历史条件下进行的党的自我革命。\r\n\r\n7月15日至16日，中共中央总书记、国家主席、中央军委主席习近平在内蒙古考察并指导开展“不忘初心、牢记使命”主题教育。这是15日下午，习近平在赤峰市喀喇沁旗马鞍山林场林区，沿着崎岖的护林小道察看林木长势。 新华社记者 谢环驰 摄\r\n今天，我们比历史上任何时期都更接近，也更有信心和能力实现中华民族伟大复兴的目标。但是，“船到中流浪更急、人到半山路更陡”，更需我们党“刀刃向内的自我革命精神”。\r\n谈到这件事，习近平总书记多次强调：“党的自我革命任重而道远，决不能有停一停、歇一歇的想法。”\r\n“不能忘记来时的路”\r\n“守初心、担使命，找差距、抓落实”是党中央对这次主题教育的总要求，是一个相互联系的整体，贯穿主题教育全过程。\r\n何为初心？浙江嘉兴南湖上的红船，书写共产党的历史，承载了共产党人的初心。\r\n2005年，之江大地、烟雨楼边，习近平登上红船。他提出“红船精神”，并将其概括为“开天辟地、敢为人先的首创精神；坚定理想、百折不挠的奋斗精神；立党为公、忠诚为民的奉献精神”。\r\n\r\n2017年10月31日，在上海中共一大会址纪念馆，习近平带领其他中共中央政治局常委同志一起重温入党誓词。 新华社记者 兰红光 摄\r\n2017年，党的十九大胜利闭幕一周之际，习近平总书记带领中共中央政治局常委赶赴上海和浙江嘉兴，瞻仰上海中共一大会址和浙江嘉兴南湖红船。\r\n“我们党从这里诞生，从这里出征，从这里走向全国执政。这里是我们党的根脉。”\r\n今年5月13日，中共中央政治局召开会议，决定从今年6月开始，在全党自上而下分两批开展“不忘初心、牢记使命”主题教育。\r\n\r\n5月20日，习近平在江西省于都县中央红军长征出发纪念馆参观。 新华社记者 谢环驰 摄\r\n一周之后，习近平总书记来到中央红军长征集结出发地江西于都，向中央红军长征出发纪念碑敬献花篮。总书记说：“参观中央红军长征出发地，目的是缅怀当年党中央和中央红军在苏区浴血奋战的峥嵘岁月，牢记红色政权是从哪里来的、新中国是怎么建立起来的，不忘历史、不忘初心。”\r\n这一次的主题教育，还有一个特别而重要的时间节点。习近平总书记指出，“今年是新中国成立70周年。在这个重要时间节点开展‘不忘初心、牢记使命’主题教育，其特别意义在于，无论我们走得多远，都不能忘记来时的路。”\r\n“要为人民做实事”\r\n1969年1月，不到16岁的习近平，迈出人生的第一步，来到梁家河。在陕北这个小山村，他度过了7年青春时光。下雨刮风时，在窑洞里铡草；扛200斤麦子，十里山路不换肩；修公路、建沼气、打水井……为乡亲们办了不少实实在在的好事。梁家河村民石春阳回忆说，冬天打坝的时候，习近平二话不说，挽着裤腿，光着脚就下去铲冰。\r\n从乡亲们那里收获了许多温暖，他认为自己本就应该为乡亲们做点什么：“我饿了，乡亲们给我做饭吃；我的衣服脏了，乡亲们给我洗；裤子破了，乡亲们给我缝。”\r\n也是在这里，习近平加入了中国共产党，那一年，他20岁。入党申请书写了一份一份，直至写到第十份，才获得批准，后来又成了大队党支部书记。\r\n时隔40年，再次踏上黄土地，当年临别合影中的旧相识，他仍叫得上名字。\r\n在一篇文章中，习近平回忆道，15岁来到黄土地时，我迷惘、彷徨；22岁离开黄土地时，我已经有着坚定的人生目标，充满自信。作为一个人民公仆，陕北高原是我的根，因为这里培养出了我不变的信念：要为人民做实事！\r\n这一路，他走得坚定而扎实。\r\n习近平说：“我们党来自于人民，为人民而生，因人民而兴，以百姓心为心，既是我们党的初心，也是我们党的恒心。”\r\n今年3月22日，习近平同意大利众议长菲科举行会见。临近结束时，菲科突然问了一个问题：\r\n“您当选中国国家主席的时候，是一种什么样的心情？”\r\n习近平主席的目光沉静而充满力量，他说：“我将无我，不负人民。我愿意做到一个‘无我’的状态，为中国的发展奉献自己。”\r\n“中央政治局同志从我本人做起”\r\n一身半旧的绿军装，一条半旧的军被，一条打了多处补丁的褥子，这是习近平初到河北正定时给大家留下的印象。用时任正定县副县长王幼辉的话来说：“一身旧军装，穿得很土。”\r\n上世纪80年代，习近平担任正定县委书记不久，出台的第一个作风建设文件，是从县委常委会成员自身做起的《中共正定县委关于改进领导作风的几项规定》，共有六条。\r\n“他在生活上‘习以为苦’，工作上‘勤以为常’。”朱博华时任正定县委办公室副主任，与习近平因工作相识，他用这八个字评价习近平的“勤”和“俭”。\r\n一辆老式凤凰牌“二八”自行车，陪伴了习近平许多年。正定县委当时有吉普车，但习近平觉得，还是骑自行车下乡好，这样可以多看看。\r\n习近平向来保持轻车简从的工作习惯。他到厦门任副市长时，当时主持市委日常事务的李秀记去接他：“他来的时候轻车简从，自己搭了一个便车就来了。”穿着简朴、年轻精神、态度谦逊，对习近平的第一印象，李秀记记在了心里。\r\n\r\n1993年8月，时任福建省福州市委书记的习近平（左一）在福州市、台江区领导联合接待群众日接待群众。新华社发\r\n在河北正定，习近平跑遍了所有村；在福建宁德，他到任3个月就走遍了9个县，后来又跑遍了绝大部分乡镇；到任浙江后，他用一年多时间跑遍了全省90个县市区；在上海仅7个月，他就跑遍了全市19个区县……\r\n“从我做起”、率先垂范，是习近平总书记一以贯之的风格。\r\n2013年1月22日，习近平总书记在第十八届中央纪律检查委员会第二次全体会议上强调，“各级领导干部要以身作则、率先垂范，说到的就要做到，承诺的就要兑现，中央政治局同志从我本人做起。”\r\n党的作风建设永远在路上。\r\n9000万党员要有“自我净化、自我完善、自我革新、自我提高”的勇气和能力。“在新时代把党的自我革命推向深入，把党建设成为始终走在时代前列、人民衷心拥护、勇于自我革命、经得起各种风浪考验、朝气蓬勃的马克思主义执政党。”这是历史赋予的使命，也是时代给予的责任。\r\n（原题为《习近平叮嘱这件事：决不能有停一停歇一歇的想法》）', 2, 0);
INSERT INTO `Articles` VALUES (19, '从一粒米成功', '胡一涵', 'ob_jW5YIjZhZRj5582okSiDBU3a4', 2, '提起台湾首富王永庆，几乎无人不晓。他把台湾塑胶集团推进到世界化工业的前50名。而在创业初期，他做的还只是卖米的小本生意。', '2019-08-19', 20100, 3, '提起台湾首富王永庆，几乎无人不晓。他把台湾塑胶集团推进到世界化工业的前50名。而在创业初期，他做的还只是卖米的小本生意。\r\n\r\n　　王永庆早年因家贫读不起书，只好去做买卖。16岁的王永庆从老家来到嘉义开一家米店。那时，小小的嘉义已有米店近30家，竞争非常激烈。当时仅有200元资金的王永庆，只能在一条偏僻的巷子里承租一个很小的铺面。他的米店开办最晚，规模最小，更谈不上知名度了，没有任何优势。在新开张的那段日子里，生意冷冷清清，门可罗雀。\r\n\r\n　　刚开始，王永庆曾背着米挨家挨户去推销，一天下来，人不仅累得够呛，效果也不太好。谁会去买一个小商贩上门推销的米呢？可怎样才能打开销路呢？王永庆决定从每一粒米上打开突破口。那时候的台湾，农民还处在手工作业状态，由于稻谷收割与加工的技术落后，很多小石子之类的杂物很容易掺杂在米里。人们在做饭之前，都要淘好几次米，很不方便。但大家都已见怪不怪，习以为常。\r\n\r\n　　王永庆却从这司空见惯中找到了切入点。他和两个弟弟一齐动手，一点一点地将夹杂在米里的秕糠、砂石之类的杂物捡出来，然后再卖。一时间，小镇上的主妇们都说，王永庆卖的米质量好，省去了淘米的麻烦。这样，一传十，十传百，米店的生意日渐红火起来。\r\n\r\n　　王永庆并没有就此满足。他还要在米上下大功夫。那时候，顾客都是上门买米，自己运送回家。这对年轻人来说不算什么，但对一些上了年纪的人，就是一个大大的不便了。而年轻人又无暇顾及家务，买米的顾客以老年人居多。王永庆注意到这一细节，于是主动送米上门。这一方便顾客的服务措施同样大受欢迎。当时还没有“送货上门”一说，增加这一服务项目等于是一项创举。\r\n\r\n　　王永庆送米，并非送到顾客家门口了事，还要将米倒进米缸里。如果米缸里还有陈米，他就将旧米倒出来，把米缸擦干净，再把新米倒进去，然后将旧米放回上层，这样，陈米就不至于因存放过久而变质。王永庆这一精细的服务令顾客深受感动，赢得了很多的顾客。\r\n\r\n　　如果给新顾客送米，王永庆就细心记下这户人家米缸的容量，并且问明家里有多少人吃饭，几个大人、几个小孩，每人饭量如何，据此估计该户人家下次买米的大概时间，记在本子上。到时候，不等顾客上门，他就主动将相应数量的米送到客户家里。\r\n\r\n　　王永庆精细、务实的服务，使嘉义人都知道在米市马路尽头的巷子里，有一个卖好米并送货上门的王永庆。有了知名度后，王永庆的生意更加红火起来。这样，经过一年多的资金积累和客户积累，王永庆便自己办了个碾米厂，在最繁华热闹的临街处租了一处比原来大好几倍的房子，临街做铺面，里间做碾米厂。\r\n\r\n　　就这样，王永庆从小小的米店生意开始了他后来问鼎台湾首富的事业。\r\n\r\n　　王永庆成功的例子说明，不要以为创造就非得轰轰烈烈、惊天动地。把一粒米这样细小的工作做好同样也是一种创造。', 1, 1);
INSERT INTO `Articles` VALUES (22, '胡一涵', '焦子航', 'ob_jW5dODRX-mKlxRz2J9ZKGAAwo', 0, '日日日', '2019-09-21', 1960, 4, '日日日', 1, 0);

-- ----------------------------
-- Table structure for Comments
-- ----------------------------
DROP TABLE IF EXISTS `Comments`;
CREATE TABLE `Comments`  (
  `article_id` int(11) NOT NULL,
  `usr_open_id` varchar(50) CHARACTER SET utf8 COLLATE utf8_general_ci NOT NULL,
  `comment` varchar(200) CHARACTER SET utf8 COLLATE utf8_general_ci NULL DEFAULT NULL,
  `time` varchar(50) CHARACTER SET utf8 COLLATE utf8_general_ci NULL DEFAULT NULL,
  `comment_id` int(11) NOT NULL AUTO_INCREMENT,
  `like_num` int(11) NULL DEFAULT NULL,
  PRIMARY KEY (`comment_id`, `article_id`, `usr_open_id`) USING BTREE,
  INDEX `ix_Comments_article_id`(`article_id`) USING BTREE,
  INDEX `ix_Comments_usr_open_id`(`usr_open_id`) USING BTREE,
  CONSTRAINT `Comments_ibfk_1` FOREIGN KEY (`article_id`) REFERENCES `Articles` (`article_id`) ON DELETE RESTRICT ON UPDATE RESTRICT,
  CONSTRAINT `Comments_ibfk_2` FOREIGN KEY (`usr_open_id`) REFERENCES `Users` (`usr_open_id`) ON DELETE RESTRICT ON UPDATE RESTRICT
) ENGINE = InnoDB AUTO_INCREMENT = 1 CHARACTER SET = utf8 COLLATE = utf8_general_ci ROW_FORMAT = Dynamic;

-- ----------------------------
-- Table structure for EventImages
-- ----------------------------
DROP TABLE IF EXISTS `EventImages`;
CREATE TABLE `EventImages`  (
  `event_id` int(11) NOT NULL,
  `image_id` int(11) NOT NULL,
  `time` varchar(50) CHARACTER SET utf8 COLLATE utf8_general_ci NULL DEFAULT NULL,
  `url` char(100) CHARACTER SET utf8 COLLATE utf8_general_ci NULL DEFAULT NULL,
  PRIMARY KEY (`event_id`, `image_id`) USING BTREE,
  INDEX `ix_EventImages_event_id`(`event_id`) USING BTREE,
  CONSTRAINT `EventImages_ibfk_1` FOREIGN KEY (`event_id`) REFERENCES `Articles` (`article_id`) ON DELETE RESTRICT ON UPDATE RESTRICT
) ENGINE = InnoDB CHARACTER SET = utf8 COLLATE = utf8_general_ci ROW_FORMAT = Dynamic;

-- ----------------------------
-- Table structure for Events
-- ----------------------------
DROP TABLE IF EXISTS `Events`;
CREATE TABLE `Events`  (
  `event_id` int(11) NOT NULL AUTO_INCREMENT,
  `event_name` varchar(50) CHARACTER SET utf8 COLLATE utf8_general_ci NULL DEFAULT NULL,
  `introduction` char(100) CHARACTER SET utf8 COLLATE utf8_general_ci NULL DEFAULT NULL,
  `start_time` varchar(50) CHARACTER SET utf8 COLLATE utf8_general_ci NULL DEFAULT NULL,
  `end_time` varchar(50) CHARACTER SET utf8 COLLATE utf8_general_ci NULL DEFAULT NULL,
  PRIMARY KEY (`event_id`) USING BTREE,
  INDEX `ix_Events_event_id`(`event_id`) USING BTREE
) ENGINE = InnoDB AUTO_INCREMENT = 1 CHARACTER SET = utf8 COLLATE = utf8_general_ci ROW_FORMAT = Dynamic;

-- ----------------------------
-- Table structure for Join
-- ----------------------------
DROP TABLE IF EXISTS `Join`;
CREATE TABLE `Join`  (
  `article_id` int(11) NOT NULL,
  `event_id` int(11) NOT NULL,
  `usr_open_id` varchar(50) CHARACTER SET utf8 COLLATE utf8_general_ci NOT NULL,
  PRIMARY KEY (`article_id`, `event_id`, `usr_open_id`) USING BTREE,
  INDEX `ix_Join_event_id`(`event_id`) USING BTREE,
  INDEX `ix_Join_article_id`(`article_id`) USING BTREE,
  INDEX `ix_Join_usr_open_id`(`usr_open_id`) USING BTREE,
  CONSTRAINT `Join_ibfk_1` FOREIGN KEY (`article_id`) REFERENCES `Articles` (`article_id`) ON DELETE RESTRICT ON UPDATE RESTRICT,
  CONSTRAINT `Join_ibfk_2` FOREIGN KEY (`event_id`) REFERENCES `Events` (`event_id`) ON DELETE RESTRICT ON UPDATE RESTRICT,
  CONSTRAINT `Join_ibfk_3` FOREIGN KEY (`usr_open_id`) REFERENCES `Users` (`usr_open_id`) ON DELETE RESTRICT ON UPDATE RESTRICT
) ENGINE = InnoDB CHARACTER SET = utf8 COLLATE = utf8_general_ci ROW_FORMAT = Dynamic;

-- ----------------------------
-- Table structure for Like
-- ----------------------------
DROP TABLE IF EXISTS `Like`;
CREATE TABLE `Like`  (
  `article_id` int(11) NOT NULL,
  `usr_open_id` varchar(50) CHARACTER SET utf8 COLLATE utf8_general_ci NOT NULL,
  PRIMARY KEY (`article_id`, `usr_open_id`) USING BTREE,
  INDEX `ix_Like_article_id`(`article_id`) USING BTREE,
  INDEX `ix_Like_usr_open_id`(`usr_open_id`) USING BTREE,
  CONSTRAINT `Like_ibfk_1` FOREIGN KEY (`article_id`) REFERENCES `Articles` (`article_id`) ON DELETE CASCADE ON UPDATE RESTRICT,
  CONSTRAINT `Like_ibfk_2` FOREIGN KEY (`usr_open_id`) REFERENCES `Users` (`usr_open_id`) ON DELETE CASCADE ON UPDATE RESTRICT
) ENGINE = InnoDB CHARACTER SET = utf8 COLLATE = utf8_general_ci ROW_FORMAT = Dynamic;

-- ----------------------------
-- Records of Like
-- ----------------------------
INSERT INTO `Like` VALUES (3, 'admin');
INSERT INTO `Like` VALUES (3, 'ob_jW5dODRX-mKlxRz2J9ZKGAAwo');
INSERT INTO `Like` VALUES (3, 'ob_jW5QBwNsGQY_cTWQKIzApMqfo');
INSERT INTO `Like` VALUES (4, 'admin');
INSERT INTO `Like` VALUES (4, 'ob_jW5QBwNsGQY_cTWQKIzApMqfo');
INSERT INTO `Like` VALUES (5, 'ob_jW5dODRX-mKlxRz2J9ZKGAAwo');
INSERT INTO `Like` VALUES (8, 'ob_jW5cFtC5BXyyL63MAhdSskIgs');
INSERT INTO `Like` VALUES (19, 'ob_jW5cFtC5BXyyL63MAhdSskIgs');
INSERT INTO `Like` VALUES (19, 'ob_jW5YIjZhZRj5582okSiDBU3a4');

-- ----------------------------
-- Table structure for Read
-- ----------------------------
DROP TABLE IF EXISTS `Read`;
CREATE TABLE `Read`  (
  `article_id` int(11) NOT NULL,
  `usr_open_id` varchar(50) CHARACTER SET utf8 COLLATE utf8_general_ci NOT NULL,
  `read_time` varchar(255) CHARACTER SET utf8 COLLATE utf8_general_ci NULL DEFAULT NULL,
  PRIMARY KEY (`article_id`, `usr_open_id`) USING BTREE,
  INDEX `ix_Read_article_id`(`article_id`) USING BTREE,
  INDEX `ix_Read_usr_open_id`(`usr_open_id`) USING BTREE,
  CONSTRAINT `Read_ibfk_1` FOREIGN KEY (`article_id`) REFERENCES `Articles` (`article_id`) ON DELETE CASCADE ON UPDATE RESTRICT,
  CONSTRAINT `Read_ibfk_2` FOREIGN KEY (`usr_open_id`) REFERENCES `Users` (`usr_open_id`) ON DELETE CASCADE ON UPDATE RESTRICT
) ENGINE = InnoDB CHARACTER SET = utf8 COLLATE = utf8_general_ci ROW_FORMAT = Dynamic;

-- ----------------------------
-- Records of Read
-- ----------------------------
INSERT INTO `Read` VALUES (1, 'ob_jW5dODRX-mKlxRz2J9ZKGAAwo', '1569053237.04');
INSERT INTO `Read` VALUES (1, 'ob_jW5QBwNsGQY_cTWQKIzApMqfo', '1566152576.96');
INSERT INTO `Read` VALUES (1, 'ob_jW5YIjZhZRj5582okSiDBU3a4', '1569052895.44');
INSERT INTO `Read` VALUES (2, 'ob_jW5dODRX-mKlxRz2J9ZKGAAwo', '1568979923.05');
INSERT INTO `Read` VALUES (2, 'ob_jW5QBwNsGQY_cTWQKIzApMqfo', '1566214903.85');
INSERT INTO `Read` VALUES (2, 'ob_jW5YIjZhZRj5582okSiDBU3a4', '1569053460.5');
INSERT INTO `Read` VALUES (3, 'ob_jW5cFtC5BXyyL63MAhdSskIgs', '1569159777.29');
INSERT INTO `Read` VALUES (3, 'ob_jW5dODRX-mKlxRz2J9ZKGAAwo', '1569659022.38');
INSERT INTO `Read` VALUES (3, 'ob_jW5QBwNsGQY_cTWQKIzApMqfo', '1569502650.21');
INSERT INTO `Read` VALUES (3, 'ob_jW5YIjZhZRj5582okSiDBU3a4', '1569657360.37');
INSERT INTO `Read` VALUES (4, 'ob_jW5dODRX-mKlxRz2J9ZKGAAwo', '1569659025.25');
INSERT INTO `Read` VALUES (4, 'ob_jW5QBwNsGQY_cTWQKIzApMqfo', '1569502656.68');
INSERT INTO `Read` VALUES (4, 'ob_jW5YIjZhZRj5582okSiDBU3a4', '1569026220.64');
INSERT INTO `Read` VALUES (5, 'ob_jW5dODRX-mKlxRz2J9ZKGAAwo', '1566374814.17');
INSERT INTO `Read` VALUES (5, 'ob_jW5QBwNsGQY_cTWQKIzApMqfo', '1569502008.16');
INSERT INTO `Read` VALUES (5, 'ob_jW5YIjZhZRj5582okSiDBU3a4', '1568998458.62');
INSERT INTO `Read` VALUES (6, 'ob_jW5YIjZhZRj5582okSiDBU3a4', '1568998103.58');
INSERT INTO `Read` VALUES (7, 'ob_jW5cFtC5BXyyL63MAhdSskIgs', '1569158637.17');
INSERT INTO `Read` VALUES (7, 'ob_jW5YIjZhZRj5582okSiDBU3a4', '1569053180.21');
INSERT INTO `Read` VALUES (8, 'ob_jW5cFtC5BXyyL63MAhdSskIgs', '1569159333.14');
INSERT INTO `Read` VALUES (8, 'ob_jW5YIjZhZRj5582okSiDBU3a4', '1566153423.63');
INSERT INTO `Read` VALUES (9, 'ob_jW5dODRX-mKlxRz2J9ZKGAAwo', '1568785702.71');
INSERT INTO `Read` VALUES (9, 'ob_jW5YIjZhZRj5582okSiDBU3a4', '1569052769.7');
INSERT INTO `Read` VALUES (12, 'ob_jW5QBwNsGQY_cTWQKIzApMqfo', '1569502052.48');
INSERT INTO `Read` VALUES (13, 'ob_jW5QBwNsGQY_cTWQKIzApMqfo', '1568785564.36');
INSERT INTO `Read` VALUES (13, 'ob_jW5YIjZhZRj5582okSiDBU3a4', '1566374344.7');
INSERT INTO `Read` VALUES (14, 'ob_jW5dODRX-mKlxRz2J9ZKGAAwo', '1569052156.02');
INSERT INTO `Read` VALUES (15, 'ob_jW5YIjZhZRj5582okSiDBU3a4', '1569026320.07');
INSERT INTO `Read` VALUES (16, 'ob_jW5YIjZhZRj5582okSiDBU3a4', '1568942534.13');
INSERT INTO `Read` VALUES (19, 'ob_jW5cFtC5BXyyL63MAhdSskIgs', '1569159321.9');
INSERT INTO `Read` VALUES (19, 'ob_jW5QBwNsGQY_cTWQKIzApMqfo', '1569502653.23');
INSERT INTO `Read` VALUES (19, 'ob_jW5YIjZhZRj5582okSiDBU3a4', '1569052787.9');
INSERT INTO `Read` VALUES (22, 'ob_jW5dODRX-mKlxRz2J9ZKGAAwo', '1569053068.67');
INSERT INTO `Read` VALUES (22, 'ob_jW5YIjZhZRj5582okSiDBU3a4', '1569053072.58');

-- ----------------------------
-- Table structure for Users
-- ----------------------------
DROP TABLE IF EXISTS `Users`;
CREATE TABLE `Users`  (
  `usr_open_id` varchar(50) CHARACTER SET utf8 COLLATE utf8_general_ci NOT NULL,
  `usr_name` varchar(50) CHARACTER SET utf8 COLLATE utf8_general_ci NULL DEFAULT NULL,
  `usr_pwd` varchar(200) CHARACTER SET utf8 COLLATE utf8_general_ci NULL DEFAULT NULL,
  `usr_authority` int(11) NULL DEFAULT NULL,
  PRIMARY KEY (`usr_open_id`) USING BTREE,
  INDEX `ix_Users_usr_open_id`(`usr_open_id`) USING BTREE,
  INDEX `ix_Users_usr_name`(`usr_name`) USING BTREE,
  INDEX `ix_Users_usr_pwd`(`usr_pwd`) USING BTREE
) ENGINE = InnoDB CHARACTER SET = utf8 COLLATE = utf8_general_ci ROW_FORMAT = Dynamic;

-- ----------------------------
-- Records of Users
-- ----------------------------
INSERT INTO `Users` VALUES ('0', '史铁生', 'pbkdf2:sha256:50000$tkYDZ5L1$de29ddb1c0b57099526587a4f0c8daf204b3fb30b86b0636351a11895f8cefcc', 1);
INSERT INTO `Users` VALUES ('1', '朱自清', 'pbkdf2:sha256:50000$FbWzZy9m$fa8bd30f129ea217aba944c79007bd01a3a57f2b027486887b331ab7050cc986', 1);
INSERT INTO `Users` VALUES ('2', '杨绛', 'pbkdf2:sha256:50000$H5E7PwDn$ea39e5a065be5546d330b4961ac7161eb0bf2eafef06142aef04d9f96e01264d', 1);
INSERT INTO `Users` VALUES ('3', '鲁迅', 'pbkdf2:sha256:50000$fhBRlTfM$8c80f8491829caccbe0addea502b2147747d5ef3e2a4c1d1c3342fd7fa074f98', 1);
INSERT INTO `Users` VALUES ('4', '林徽因', 'pbkdf2:sha256:50000$bAW6ytV1$e49816c27513d0b3084fc24b5ec197b5cc086df949541bde06e3ee6087ef7b5b', 1);
INSERT INTO `Users` VALUES ('5', '林清玄', 'pbkdf2:sha256:50000$d0xNL7To$33dd5564e219d931c7cfb7dbf0905d860cbaf3d35c464c4727eeaf5bec13a7c0', 1);
INSERT INTO `Users` VALUES ('6', '萧红', 'pbkdf2:sha256:50000$8WNwYoH2$78caf09b98e4f6dfd8199a44f7f6b87f21ed80f8ad076693162bc44df49bd5fa', 1);
INSERT INTO `Users` VALUES ('7', '林海音', 'pbkdf2:sha256:50000$xtf6eCwH$f7984e1545574b12fd01920113329debe6a0bd204bd5e3b647b46dc6d9bb5561', 1);
INSERT INTO `Users` VALUES ('admin', 'admin', 'pbkdf2:sha256:50000$hzfqMSCp$fa7067dc635f2d465aced15e9d7606640ad48da84a0765c310ac66cbc8a1918f', 1);
INSERT INTO `Users` VALUES ('ob_jW5cFtC5BXyyL63MAhdSskIgs', '123456', 'pbkdf2:sha256:50000$i3LUl3Hs$9ca6bc40c802cd3b3f3d2dc279a2fc861c602fa457e286896db159f451880d81', 1);
INSERT INTO `Users` VALUES ('ob_jW5dODRX-mKlxRz2J9ZKGAAwo', '焦子航', 'pbkdf2:sha256:50000$jfocVLP2$9c42ca5141acf6182a456f9cbf7fdd831542a3391497cdde93999d1273dd4282', 1);
INSERT INTO `Users` VALUES ('ob_jW5fpds_qyGDVfVDc1Oxnijm8', '陈蕾', 'pbkdf2:sha256:50000$ImxFd8bE$6efc2fa53e8f2638b87f4b3f606a42d460ed9756d099b22255f3e0aeb9b6b0f8', 1);
INSERT INTO `Users` VALUES ('ob_jW5QBwNsGQY_cTWQKIzApMqfo', '郭省吾', 'pbkdf2:sha256:50000$N0LQVKSc$82538282783533b3bf46b792e1a260b65ee4f8b8ef5fef222e9a69ae0e26b410', 1);
INSERT INTO `Users` VALUES ('ob_jW5XktIBv5HVtTpKmEa-75cvs', '今天使点什么坏好呢', 'pbkdf2:sha256:50000$CrcHinVj$7c1ff79aa806ad2eea39547458931bdadca21dc0bc70709bdee62f19c26657ac', 1);
INSERT INTO `Users` VALUES ('ob_jW5YIjZhZRj5582okSiDBU3a4', '胡一涵', 'pbkdf2:sha256:50000$xzlqlKIz$c6c6d4b89b308bf4e1996a6f12d714419cb746ae04f8ba1c7a48bc79e1f43a98', 1);

SET FOREIGN_KEY_CHECKS = 1;
